"HIT ID","Worker ID","Status","Response Time","Approval Time","Question ID","Answer"
"3ABAOCJ4R8RXS2HCZTD5DC7JIV8QMB","A3LJ2FHESYV9QQ","Approved","2019-01-28T08:49:47Z","2019-01-28T16:26:05Z","politifact15205","list2"
"3ABAOCJ4R8RXS2HCZTD5DC7JIV8QMB","A3LJ2FHESYV9QQ","Approved","2019-01-28T08:49:47Z","2019-01-28T16:26:05Z","politifact15570","list1"
"3ABAOCJ4R8RXS2HCZTD5DC7JIV8QMB","A3LJ2FHESYV9QQ","Approved","2019-01-28T08:49:47Z","2019-01-28T16:26:05Z","politifact15206","list1"
"3ABAOCJ4R8RXS2HCZTD5DC7JIV8QMB","A3LJ2FHESYV9QQ","Approved","2019-01-28T08:49:47Z","2019-01-28T16:26:05Z","politifact14003","list2"
"3ABAOCJ4R8RXS2HCZTD5DC7JIV8QMB","A3LJ2FHESYV9QQ","Approved","2019-01-28T08:49:47Z","2019-01-28T16:26:05Z","politifact14309","list1"
"3ABAOCJ4R8RXS2HCZTD5DC7JIV8QMB","AGGPK41YYI48H","Approved","2019-01-29T12:32:54Z","2019-01-30T21:46:51Z","politifact15205","list1"
"3ABAOCJ4R8RXS2HCZTD5DC7JIV8QMB","AGGPK41YYI48H","Approved","2019-01-29T12:32:54Z","2019-01-30T21:46:51Z","politifact15570","list1"
"3ABAOCJ4R8RXS2HCZTD5DC7JIV8QMB","AGGPK41YYI48H","Approved","2019-01-29T12:32:54Z","2019-01-30T21:46:51Z","politifact15206","list1"
"3ABAOCJ4R8RXS2HCZTD5DC7JIV8QMB","AGGPK41YYI48H","Approved","2019-01-29T12:32:54Z","2019-01-30T21:46:51Z","politifact14003","list2"
"3ABAOCJ4R8RXS2HCZTD5DC7JIV8QMB","AGGPK41YYI48H","Approved","2019-01-29T12:32:54Z","2019-01-30T21:46:51Z","politifact14309","list2"
"3ABAOCJ4R8RXS2HCZTD5DC7JIV8QMB","AZ69TBTDH7AZS","Approved","2019-01-31T04:22:00Z","2019-02-01T22:34:45Z","politifact15205","list1"
"3ABAOCJ4R8RXS2HCZTD5DC7JIV8QMB","AZ69TBTDH7AZS","Approved","2019-01-31T04:22:00Z","2019-02-01T22:34:45Z","politifact15570","list1"
"3ABAOCJ4R8RXS2HCZTD5DC7JIV8QMB","AZ69TBTDH7AZS","Approved","2019-01-31T04:22:00Z","2019-02-01T22:34:45Z","politifact15206","list1"
"3ABAOCJ4R8RXS2HCZTD5DC7JIV8QMB","AZ69TBTDH7AZS","Approved","2019-01-31T04:22:00Z","2019-02-01T22:34:45Z","politifact14003","list2"
"3ABAOCJ4R8RXS2HCZTD5DC7JIV8QMB","AZ69TBTDH7AZS","Approved","2019-01-31T04:22:00Z","2019-02-01T22:34:45Z","politifact14309","list1"
"3D5G8J4N5ARTA53DUP8R5D1JTVJVTB","A33ST4DW1A4PGK","Approved","2019-01-28T06:30:04Z","2019-01-28T06:34:39Z","politifact14859","list1"
"3D5G8J4N5ARTA53DUP8R5D1JTVJVTB","A33ST4DW1A4PGK","Approved","2019-01-28T06:30:04Z","2019-01-28T06:34:39Z","politifact13698","list1"
"3D5G8J4N5ARTA53DUP8R5D1JTVJVTB","A33ST4DW1A4PGK","Approved","2019-01-28T06:30:04Z","2019-01-28T06:34:39Z","politifact15188","list2"
"3D5G8J4N5ARTA53DUP8R5D1JTVJVTB","A33ST4DW1A4PGK","Approved","2019-01-28T06:30:04Z","2019-01-28T06:34:39Z","politifact14840","list1"
"3D5G8J4N5ARTA53DUP8R5D1JTVJVTB","A33ST4DW1A4PGK","Approved","2019-01-28T06:30:04Z","2019-01-28T06:34:39Z","politifact15187","list1"
"3D5G8J4N5ARTA53DUP8R5D1JTVJVTB","A2T11H7YI7QPGD","Approved","2019-01-29T00:20:47Z","2019-01-30T21:46:51Z","politifact14859","list2"
"3D5G8J4N5ARTA53DUP8R5D1JTVJVTB","A2T11H7YI7QPGD","Approved","2019-01-29T00:20:47Z","2019-01-30T21:46:51Z","politifact13698","list1"
"3D5G8J4N5ARTA53DUP8R5D1JTVJVTB","A2T11H7YI7QPGD","Approved","2019-01-29T00:20:47Z","2019-01-30T21:46:51Z","politifact15188","list1"
"3D5G8J4N5ARTA53DUP8R5D1JTVJVTB","A2T11H7YI7QPGD","Approved","2019-01-29T00:20:47Z","2019-01-30T21:46:51Z","politifact14840","list1"
"3D5G8J4N5ARTA53DUP8R5D1JTVJVTB","A2T11H7YI7QPGD","Approved","2019-01-29T00:20:47Z","2019-01-30T21:46:51Z","politifact15187","list1"
"3D5G8J4N5ARTA53DUP8R5D1JTVJVTB","AZ69TBTDH7AZS","Approved","2019-01-31T04:17:42Z","2019-02-01T22:34:45Z","politifact14859","list2"
"3D5G8J4N5ARTA53DUP8R5D1JTVJVTB","AZ69TBTDH7AZS","Approved","2019-01-31T04:17:42Z","2019-02-01T22:34:45Z","politifact13698","list1"
"3D5G8J4N5ARTA53DUP8R5D1JTVJVTB","AZ69TBTDH7AZS","Approved","2019-01-31T04:17:42Z","2019-02-01T22:34:45Z","politifact15188","list1"
"3D5G8J4N5ARTA53DUP8R5D1JTVJVTB","AZ69TBTDH7AZS","Approved","2019-01-31T04:17:42Z","2019-02-01T22:34:45Z","politifact14840","list1"
"3D5G8J4N5ARTA53DUP8R5D1JTVJVTB","AZ69TBTDH7AZS","Approved","2019-01-31T04:17:42Z","2019-02-01T22:34:45Z","politifact15187","list1"
"38Z7YZ2SB3PBWJRLEEFDLJ021MOIQN","A1YSYI926BBOHW","Approved","2019-01-28T06:25:20Z","2019-01-28T06:34:39Z","politifact15534","list1"
"38Z7YZ2SB3PBWJRLEEFDLJ021MOIQN","A1YSYI926BBOHW","Approved","2019-01-28T06:25:20Z","2019-01-28T06:34:39Z","politifact13560","list2"
"38Z7YZ2SB3PBWJRLEEFDLJ021MOIQN","A1YSYI926BBOHW","Approved","2019-01-28T06:25:20Z","2019-01-28T06:34:39Z","politifact14733","list2"
"38Z7YZ2SB3PBWJRLEEFDLJ021MOIQN","A1YSYI926BBOHW","Approved","2019-01-28T06:25:20Z","2019-01-28T06:34:39Z","politifact14040","list1"
"38Z7YZ2SB3PBWJRLEEFDLJ021MOIQN","A1YSYI926BBOHW","Approved","2019-01-28T06:25:20Z","2019-01-28T06:34:39Z","politifact14327","list2"
"38Z7YZ2SB3PBWJRLEEFDLJ021MOIQN","A3RYI5HXC2MJLN","Approved","2019-01-28T06:38:24Z","2019-01-28T16:26:05Z","politifact15534","list1"
"38Z7YZ2SB3PBWJRLEEFDLJ021MOIQN","A3RYI5HXC2MJLN","Approved","2019-01-28T06:38:24Z","2019-01-28T16:26:05Z","politifact13560","list1"
"38Z7YZ2SB3PBWJRLEEFDLJ021MOIQN","A3RYI5HXC2MJLN","Approved","2019-01-28T06:38:24Z","2019-01-28T16:26:05Z","politifact14733","list2"
"38Z7YZ2SB3PBWJRLEEFDLJ021MOIQN","A3RYI5HXC2MJLN","Approved","2019-01-28T06:38:24Z","2019-01-28T16:26:05Z","politifact14040","list2"
"38Z7YZ2SB3PBWJRLEEFDLJ021MOIQN","A3RYI5HXC2MJLN","Approved","2019-01-28T06:38:24Z","2019-01-28T16:26:05Z","politifact14327","list2"
"38Z7YZ2SB3PBWJRLEEFDLJ021MOIQN","A12JK9XOK50N52","Approved","2019-01-29T13:39:09Z","2019-01-30T21:46:51Z","politifact15534","list1"
"38Z7YZ2SB3PBWJRLEEFDLJ021MOIQN","A12JK9XOK50N52","Approved","2019-01-29T13:39:09Z","2019-01-30T21:46:51Z","politifact13560","list1"
"38Z7YZ2SB3PBWJRLEEFDLJ021MOIQN","A12JK9XOK50N52","Approved","2019-01-29T13:39:09Z","2019-01-30T21:46:51Z","politifact14733","list1"
"38Z7YZ2SB3PBWJRLEEFDLJ021MOIQN","A12JK9XOK50N52","Approved","2019-01-29T13:39:09Z","2019-01-30T21:46:51Z","politifact14040","list2"
"38Z7YZ2SB3PBWJRLEEFDLJ021MOIQN","A12JK9XOK50N52","Approved","2019-01-29T13:39:09Z","2019-01-30T21:46:51Z","politifact14327","list2"
"3MGHRFQY2LC9YQ1R1Y71S138E1OY0B","A2TH9DIRISH8FE","Approved","2019-01-28T07:38:29Z","2019-01-28T16:26:05Z","politifact15573","list2"
"3MGHRFQY2LC9YQ1R1Y71S138E1OY0B","A2TH9DIRISH8FE","Approved","2019-01-28T07:38:29Z","2019-01-28T16:26:05Z","politifact15108","list2"
"3MGHRFQY2LC9YQ1R1Y71S138E1OY0B","A2TH9DIRISH8FE","Approved","2019-01-28T07:38:29Z","2019-01-28T16:26:05Z","politifact14755","list2"
"3MGHRFQY2LC9YQ1R1Y71S138E1OY0B","A2TH9DIRISH8FE","Approved","2019-01-28T07:38:29Z","2019-01-28T16:26:05Z","politifact14771","list2"
"3MGHRFQY2LC9YQ1R1Y71S138E1OY0B","A2TH9DIRISH8FE","Approved","2019-01-28T07:38:29Z","2019-01-28T16:26:05Z","politifact14756","list2"
"3MGHRFQY2LC9YQ1R1Y71S138E1OY0B","A2PPD2L5MX103Z","Approved","2019-01-29T02:56:15Z","2019-01-30T21:46:51Z","politifact15573","list1"
"3MGHRFQY2LC9YQ1R1Y71S138E1OY0B","A2PPD2L5MX103Z","Approved","2019-01-29T02:56:15Z","2019-01-30T21:46:51Z","politifact15108","list1"
"3MGHRFQY2LC9YQ1R1Y71S138E1OY0B","A2PPD2L5MX103Z","Approved","2019-01-29T02:56:15Z","2019-01-30T21:46:51Z","politifact14755","list2"
"3MGHRFQY2LC9YQ1R1Y71S138E1OY0B","A2PPD2L5MX103Z","Approved","2019-01-29T02:56:15Z","2019-01-30T21:46:51Z","politifact14771","list2"
"3MGHRFQY2LC9YQ1R1Y71S138E1OY0B","A2PPD2L5MX103Z","Approved","2019-01-29T02:56:15Z","2019-01-30T21:46:51Z","politifact14756","list1"
"3MGHRFQY2LC9YQ1R1Y71S138E1OY0B","A1RUURPQJ14A8X","Approved","2019-01-31T05:45:44Z","2019-02-01T22:34:45Z","politifact15573","list1"
"3MGHRFQY2LC9YQ1R1Y71S138E1OY0B","A1RUURPQJ14A8X","Approved","2019-01-31T05:45:44Z","2019-02-01T22:34:45Z","politifact15108","list1"
"3MGHRFQY2LC9YQ1R1Y71S138E1OY0B","A1RUURPQJ14A8X","Approved","2019-01-31T05:45:44Z","2019-02-01T22:34:45Z","politifact14755","list2"
"3MGHRFQY2LC9YQ1R1Y71S138E1OY0B","A1RUURPQJ14A8X","Approved","2019-01-31T05:45:44Z","2019-02-01T22:34:45Z","politifact14771","list1"
"3MGHRFQY2LC9YQ1R1Y71S138E1OY0B","A1RUURPQJ14A8X","Approved","2019-01-31T05:45:44Z","2019-02-01T22:34:45Z","politifact14756","list2"
