"HIT ID","Worker ID","Status","Response Time","Approval Time","Question ID","Answer"
"3E22YV8GG1TIA81XBHDGQM69IS1PNU","A1PUHCEBSOWETV","Approved","2019-02-01T22:08:28Z","2019-02-01T22:35:33Z","politifact13887_1","3"
"3E22YV8GG1TIA81XBHDGQM69IS1PNU","A1PUHCEBSOWETV","Approved","2019-02-01T22:08:28Z","2019-02-01T22:35:33Z","politifact13887_2","4"
"3E22YV8GG1TIA81XBHDGQM69IS1PNU","A1PUHCEBSOWETV","Approved","2019-02-01T22:08:28Z","2019-02-01T22:35:33Z","politifact13887_3","2"
"3E22YV8GG1TIA81XBHDGQM69IS1PNU","A1PUHCEBSOWETV","Approved","2019-02-01T22:08:28Z","2019-02-01T22:35:33Z","politifact13887_4","4"
"3E22YV8GG1TIA81XBHDGQM69IS1PNU","A1PUHCEBSOWETV","Approved","2019-02-01T22:08:28Z","2019-02-01T22:35:33Z","politifact13887_5","2"
"3E22YV8GG1TIA81XBHDGQM69IS1PNU","A1IYHQPPOACU83","Approved","2019-02-01T22:18:58Z","2019-02-01T22:35:33Z","politifact13887_1","1"
"3E22YV8GG1TIA81XBHDGQM69IS1PNU","A1IYHQPPOACU83","Approved","2019-02-01T22:18:58Z","2019-02-01T22:35:33Z","politifact13887_2","0"
"3E22YV8GG1TIA81XBHDGQM69IS1PNU","A1IYHQPPOACU83","Approved","2019-02-01T22:18:58Z","2019-02-01T22:35:33Z","politifact13887_3","0"
"3E22YV8GG1TIA81XBHDGQM69IS1PNU","A1IYHQPPOACU83","Approved","2019-02-01T22:18:58Z","2019-02-01T22:35:33Z","politifact13887_4","0"
"3E22YV8GG1TIA81XBHDGQM69IS1PNU","A1IYHQPPOACU83","Approved","2019-02-01T22:18:58Z","2019-02-01T22:35:33Z","politifact13887_5","1"
"3E22YV8GG1TIA81XBHDGQM69IS1PNU","A1YSYI926BBOHW","Approved","2019-02-01T22:20:04Z","2019-02-01T22:35:33Z","politifact13887_1","0"
"3E22YV8GG1TIA81XBHDGQM69IS1PNU","A1YSYI926BBOHW","Approved","2019-02-01T22:20:04Z","2019-02-01T22:35:33Z","politifact13887_2","0"
"3E22YV8GG1TIA81XBHDGQM69IS1PNU","A1YSYI926BBOHW","Approved","2019-02-01T22:20:04Z","2019-02-01T22:35:33Z","politifact13887_3","1"
"3E22YV8GG1TIA81XBHDGQM69IS1PNU","A1YSYI926BBOHW","Approved","2019-02-01T22:20:04Z","2019-02-01T22:35:33Z","politifact13887_4","0"
"3E22YV8GG1TIA81XBHDGQM69IS1PNU","A1YSYI926BBOHW","Approved","2019-02-01T22:20:04Z","2019-02-01T22:35:33Z","politifact13887_5","1"
"39AYGO6AFF7A02JSWLE7KMFSNNBN6M","A1PUHCEBSOWETV","Approved","2019-02-01T22:08:37Z","2019-02-01T22:35:33Z","politifact15135_1","4"
"39AYGO6AFF7A02JSWLE7KMFSNNBN6M","A1PUHCEBSOWETV","Approved","2019-02-01T22:08:37Z","2019-02-01T22:35:33Z","politifact15135_2","4"
"39AYGO6AFF7A02JSWLE7KMFSNNBN6M","A1PUHCEBSOWETV","Approved","2019-02-01T22:08:37Z","2019-02-01T22:35:33Z","politifact15135_3","2"
"39AYGO6AFF7A02JSWLE7KMFSNNBN6M","A1PUHCEBSOWETV","Approved","2019-02-01T22:08:37Z","2019-02-01T22:35:33Z","politifact15135_4","3"
"39AYGO6AFF7A02JSWLE7KMFSNNBN6M","A1PUHCEBSOWETV","Approved","2019-02-01T22:08:37Z","2019-02-01T22:35:33Z","politifact15135_5","2"
"39AYGO6AFF7A02JSWLE7KMFSNNBN6M","A1F5ND0R1ILGYK","Approved","2019-02-01T22:12:28Z","2019-02-01T22:35:33Z","politifact15135_1","0"
"39AYGO6AFF7A02JSWLE7KMFSNNBN6M","A1F5ND0R1ILGYK","Approved","2019-02-01T22:12:28Z","2019-02-01T22:35:33Z","politifact15135_2","0"
"39AYGO6AFF7A02JSWLE7KMFSNNBN6M","A1F5ND0R1ILGYK","Approved","2019-02-01T22:12:28Z","2019-02-01T22:35:33Z","politifact15135_3","0"
"39AYGO6AFF7A02JSWLE7KMFSNNBN6M","A1F5ND0R1ILGYK","Approved","2019-02-01T22:12:28Z","2019-02-01T22:35:33Z","politifact15135_4","0"
"39AYGO6AFF7A02JSWLE7KMFSNNBN6M","A1F5ND0R1ILGYK","Approved","2019-02-01T22:12:28Z","2019-02-01T22:35:33Z","politifact15135_5","0"
"39AYGO6AFF7A02JSWLE7KMFSNNBN6M","AG263U3LX899H","Approved","2019-02-02T17:50:40Z","2019-02-03T20:35:00Z","politifact15135_1","0"
"39AYGO6AFF7A02JSWLE7KMFSNNBN6M","AG263U3LX899H","Approved","2019-02-02T17:50:40Z","2019-02-03T20:35:00Z","politifact15135_2","0"
"39AYGO6AFF7A02JSWLE7KMFSNNBN6M","AG263U3LX899H","Approved","2019-02-02T17:50:40Z","2019-02-03T20:35:00Z","politifact15135_3","0"
"39AYGO6AFF7A02JSWLE7KMFSNNBN6M","AG263U3LX899H","Approved","2019-02-02T17:50:40Z","2019-02-03T20:35:00Z","politifact15135_4","1"
"39AYGO6AFF7A02JSWLE7KMFSNNBN6M","AG263U3LX899H","Approved","2019-02-02T17:50:40Z","2019-02-03T20:35:00Z","politifact15135_5","0"
"3DZKABX2ZISCOO1283D1G31F5COCVK","A1PUHCEBSOWETV","Approved","2019-02-01T22:07:23Z","2019-02-01T22:35:33Z","politifact15304_1","4"
"3DZKABX2ZISCOO1283D1G31F5COCVK","A1PUHCEBSOWETV","Approved","2019-02-01T22:07:23Z","2019-02-01T22:35:33Z","politifact15304_2","3"
"3DZKABX2ZISCOO1283D1G31F5COCVK","A1PUHCEBSOWETV","Approved","2019-02-01T22:07:23Z","2019-02-01T22:35:33Z","politifact15304_3","2"
"3DZKABX2ZISCOO1283D1G31F5COCVK","A1PUHCEBSOWETV","Approved","2019-02-01T22:07:23Z","2019-02-01T22:35:33Z","politifact15304_4","2"
"3DZKABX2ZISCOO1283D1G31F5COCVK","A1PUHCEBSOWETV","Approved","2019-02-01T22:07:23Z","2019-02-01T22:35:33Z","politifact15304_5","4"
"3DZKABX2ZISCOO1283D1G31F5COCVK","AG263U3LX899H","Approved","2019-02-02T01:09:28Z","2019-02-02T05:41:59Z","politifact15304_1","0"
"3DZKABX2ZISCOO1283D1G31F5COCVK","AG263U3LX899H","Approved","2019-02-02T01:09:28Z","2019-02-02T05:41:59Z","politifact15304_2","3"
"3DZKABX2ZISCOO1283D1G31F5COCVK","AG263U3LX899H","Approved","2019-02-02T01:09:28Z","2019-02-02T05:41:59Z","politifact15304_3","0"
"3DZKABX2ZISCOO1283D1G31F5COCVK","AG263U3LX899H","Approved","2019-02-02T01:09:28Z","2019-02-02T05:41:59Z","politifact15304_4","0"
"3DZKABX2ZISCOO1283D1G31F5COCVK","AG263U3LX899H","Approved","2019-02-02T01:09:28Z","2019-02-02T05:41:59Z","politifact15304_5","0"
"3DZKABX2ZISCOO1283D1G31F5COCVK","A1E3MR98PNWZBD","Approved","2019-02-02T04:24:37Z","2019-02-02T05:41:59Z","politifact15304_1","0"
"3DZKABX2ZISCOO1283D1G31F5COCVK","A1E3MR98PNWZBD","Approved","2019-02-02T04:24:37Z","2019-02-02T05:41:59Z","politifact15304_2","2"
"3DZKABX2ZISCOO1283D1G31F5COCVK","A1E3MR98PNWZBD","Approved","2019-02-02T04:24:37Z","2019-02-02T05:41:59Z","politifact15304_3","0"
"3DZKABX2ZISCOO1283D1G31F5COCVK","A1E3MR98PNWZBD","Approved","2019-02-02T04:24:37Z","2019-02-02T05:41:59Z","politifact15304_4","0"
"3DZKABX2ZISCOO1283D1G31F5COCVK","A1E3MR98PNWZBD","Approved","2019-02-02T04:24:37Z","2019-02-02T05:41:59Z","politifact15304_5","0"
"31GN6YMHLPF5AUQ3VZ8XHAOBYOCWS8","A1PUHCEBSOWETV","Approved","2019-02-01T22:07:53Z","2019-02-01T22:35:34Z","politifact15505_1","2"
"31GN6YMHLPF5AUQ3VZ8XHAOBYOCWS8","A1PUHCEBSOWETV","Approved","2019-02-01T22:07:53Z","2019-02-01T22:35:34Z","politifact15505_2","3"
"31GN6YMHLPF5AUQ3VZ8XHAOBYOCWS8","A1PUHCEBSOWETV","Approved","2019-02-01T22:07:53Z","2019-02-01T22:35:34Z","politifact15505_3","4"
"31GN6YMHLPF5AUQ3VZ8XHAOBYOCWS8","A1PUHCEBSOWETV","Approved","2019-02-01T22:07:53Z","2019-02-01T22:35:34Z","politifact15505_4","2"
"31GN6YMHLPF5AUQ3VZ8XHAOBYOCWS8","A1PUHCEBSOWETV","Approved","2019-02-01T22:07:53Z","2019-02-01T22:35:34Z","politifact15505_5","3"
"31GN6YMHLPF5AUQ3VZ8XHAOBYOCWS8","A1F5ND0R1ILGYK","Approved","2019-02-01T22:21:07Z","2019-02-01T22:35:34Z","politifact15505_1","3"
"31GN6YMHLPF5AUQ3VZ8XHAOBYOCWS8","A1F5ND0R1ILGYK","Approved","2019-02-01T22:21:07Z","2019-02-01T22:35:34Z","politifact15505_2","0"
"31GN6YMHLPF5AUQ3VZ8XHAOBYOCWS8","A1F5ND0R1ILGYK","Approved","2019-02-01T22:21:07Z","2019-02-01T22:35:34Z","politifact15505_3","0"
"31GN6YMHLPF5AUQ3VZ8XHAOBYOCWS8","A1F5ND0R1ILGYK","Approved","2019-02-01T22:21:07Z","2019-02-01T22:35:34Z","politifact15505_4","0"
"31GN6YMHLPF5AUQ3VZ8XHAOBYOCWS8","A1F5ND0R1ILGYK","Approved","2019-02-01T22:21:07Z","2019-02-01T22:35:34Z","politifact15505_5","0"
"31GN6YMHLPF5AUQ3VZ8XHAOBYOCWS8","A2RMJNF6IPI42F","Approved","2019-02-02T00:09:25Z","2019-02-02T05:42:00Z","politifact15505_1","3"
"31GN6YMHLPF5AUQ3VZ8XHAOBYOCWS8","A2RMJNF6IPI42F","Approved","2019-02-02T00:09:25Z","2019-02-02T05:42:00Z","politifact15505_2","0"
"31GN6YMHLPF5AUQ3VZ8XHAOBYOCWS8","A2RMJNF6IPI42F","Approved","2019-02-02T00:09:25Z","2019-02-02T05:42:00Z","politifact15505_3","0"
"31GN6YMHLPF5AUQ3VZ8XHAOBYOCWS8","A2RMJNF6IPI42F","Approved","2019-02-02T00:09:25Z","2019-02-02T05:42:00Z","politifact15505_4","0"
"31GN6YMHLPF5AUQ3VZ8XHAOBYOCWS8","A2RMJNF6IPI42F","Approved","2019-02-02T00:09:25Z","2019-02-02T05:42:00Z","politifact15505_5","0"
"3JU8CV4BRLZ0ST19CWDT5B6E826PO9","A1PUHCEBSOWETV","Approved","2019-02-01T22:09:04Z","2019-02-01T22:35:34Z","politifact14644_1","4"
"3JU8CV4BRLZ0ST19CWDT5B6E826PO9","A1PUHCEBSOWETV","Approved","2019-02-01T22:09:04Z","2019-02-01T22:35:34Z","politifact14644_2","3"
"3JU8CV4BRLZ0ST19CWDT5B6E826PO9","A1PUHCEBSOWETV","Approved","2019-02-01T22:09:04Z","2019-02-01T22:35:34Z","politifact14644_3","4"
"3JU8CV4BRLZ0ST19CWDT5B6E826PO9","A1PUHCEBSOWETV","Approved","2019-02-01T22:09:04Z","2019-02-01T22:35:34Z","politifact14644_4","3"
"3JU8CV4BRLZ0ST19CWDT5B6E826PO9","A1PUHCEBSOWETV","Approved","2019-02-01T22:09:04Z","2019-02-01T22:35:34Z","politifact14644_5","4"
"3JU8CV4BRLZ0ST19CWDT5B6E826PO9","A1F5ND0R1ILGYK","Approved","2019-02-01T22:19:41Z","2019-02-01T22:35:34Z","politifact14644_1","0"
"3JU8CV4BRLZ0ST19CWDT5B6E826PO9","A1F5ND0R1ILGYK","Approved","2019-02-01T22:19:41Z","2019-02-01T22:35:34Z","politifact14644_2","2"
"3JU8CV4BRLZ0ST19CWDT5B6E826PO9","A1F5ND0R1ILGYK","Approved","2019-02-01T22:19:41Z","2019-02-01T22:35:34Z","politifact14644_3","0"
"3JU8CV4BRLZ0ST19CWDT5B6E826PO9","A1F5ND0R1ILGYK","Approved","2019-02-01T22:19:41Z","2019-02-01T22:35:34Z","politifact14644_4","0"
"3JU8CV4BRLZ0ST19CWDT5B6E826PO9","A1F5ND0R1ILGYK","Approved","2019-02-01T22:19:41Z","2019-02-01T22:35:34Z","politifact14644_5","1"
"3JU8CV4BRLZ0ST19CWDT5B6E826PO9","A1YSYI926BBOHW","Approved","2019-02-01T22:24:55Z","2019-02-01T22:35:34Z","politifact14644_1","0"
"3JU8CV4BRLZ0ST19CWDT5B6E826PO9","A1YSYI926BBOHW","Approved","2019-02-01T22:24:55Z","2019-02-01T22:35:34Z","politifact14644_2","0"
"3JU8CV4BRLZ0ST19CWDT5B6E826PO9","A1YSYI926BBOHW","Approved","2019-02-01T22:24:55Z","2019-02-01T22:35:34Z","politifact14644_3","0"
"3JU8CV4BRLZ0ST19CWDT5B6E826PO9","A1YSYI926BBOHW","Approved","2019-02-01T22:24:55Z","2019-02-01T22:35:34Z","politifact14644_4","0"
"3JU8CV4BRLZ0ST19CWDT5B6E826PO9","A1YSYI926BBOHW","Approved","2019-02-01T22:24:55Z","2019-02-01T22:35:34Z","politifact14644_5","0"
"3OWZNK3RYLCZDRK06KEQ84QAFE2U24","A1PUHCEBSOWETV","Approved","2019-02-01T22:07:19Z","2019-02-01T22:35:35Z","politifact15037_1","2"
"3OWZNK3RYLCZDRK06KEQ84QAFE2U24","A1PUHCEBSOWETV","Approved","2019-02-01T22:07:19Z","2019-02-01T22:35:35Z","politifact15037_2","4"
"3OWZNK3RYLCZDRK06KEQ84QAFE2U24","A1PUHCEBSOWETV","Approved","2019-02-01T22:07:19Z","2019-02-01T22:35:35Z","politifact15037_3","3"
"3OWZNK3RYLCZDRK06KEQ84QAFE2U24","A1PUHCEBSOWETV","Approved","2019-02-01T22:07:19Z","2019-02-01T22:35:35Z","politifact15037_4","4"
"3OWZNK3RYLCZDRK06KEQ84QAFE2U24","A1PUHCEBSOWETV","Approved","2019-02-01T22:07:19Z","2019-02-01T22:35:35Z","politifact15037_5","3"
"3OWZNK3RYLCZDRK06KEQ84QAFE2U24","A1WEANONK1D0FD","Approved","2019-02-01T22:24:42Z","2019-02-01T22:35:35Z","politifact15037_1","0"
"3OWZNK3RYLCZDRK06KEQ84QAFE2U24","A1WEANONK1D0FD","Approved","2019-02-01T22:24:42Z","2019-02-01T22:35:35Z","politifact15037_2","2"
"3OWZNK3RYLCZDRK06KEQ84QAFE2U24","A1WEANONK1D0FD","Approved","2019-02-01T22:24:42Z","2019-02-01T22:35:35Z","politifact15037_3","0"
"3OWZNK3RYLCZDRK06KEQ84QAFE2U24","A1WEANONK1D0FD","Approved","2019-02-01T22:24:42Z","2019-02-01T22:35:35Z","politifact15037_4","1"
"3OWZNK3RYLCZDRK06KEQ84QAFE2U24","A1WEANONK1D0FD","Approved","2019-02-01T22:24:42Z","2019-02-01T22:35:35Z","politifact15037_5","0"
"3OWZNK3RYLCZDRK06KEQ84QAFE2U24","A2RMJNF6IPI42F","Approved","2019-02-02T00:09:46Z","2019-02-02T05:42:00Z","politifact15037_1","0"
"3OWZNK3RYLCZDRK06KEQ84QAFE2U24","A2RMJNF6IPI42F","Approved","2019-02-02T00:09:46Z","2019-02-02T05:42:00Z","politifact15037_2","0"
"3OWZNK3RYLCZDRK06KEQ84QAFE2U24","A2RMJNF6IPI42F","Approved","2019-02-02T00:09:46Z","2019-02-02T05:42:00Z","politifact15037_3","0"
"3OWZNK3RYLCZDRK06KEQ84QAFE2U24","A2RMJNF6IPI42F","Approved","2019-02-02T00:09:46Z","2019-02-02T05:42:00Z","politifact15037_4","0"
"3OWZNK3RYLCZDRK06KEQ84QAFE2U24","A2RMJNF6IPI42F","Approved","2019-02-02T00:09:46Z","2019-02-02T05:42:00Z","politifact15037_5","0"
"3XBYQ44Z6PR6PU3IKZDNRFKX07QWTX","A1PUHCEBSOWETV","Approved","2019-02-01T22:06:55Z","2019-02-01T22:35:35Z","politifact15512_1","2"
"3XBYQ44Z6PR6PU3IKZDNRFKX07QWTX","A1PUHCEBSOWETV","Approved","2019-02-01T22:06:55Z","2019-02-01T22:35:35Z","politifact15512_2","4"
"3XBYQ44Z6PR6PU3IKZDNRFKX07QWTX","A1PUHCEBSOWETV","Approved","2019-02-01T22:06:55Z","2019-02-01T22:35:35Z","politifact15512_3","3"
"3XBYQ44Z6PR6PU3IKZDNRFKX07QWTX","A1PUHCEBSOWETV","Approved","2019-02-01T22:06:55Z","2019-02-01T22:35:35Z","politifact15512_4","2"
"3XBYQ44Z6PR6PU3IKZDNRFKX07QWTX","A1PUHCEBSOWETV","Approved","2019-02-01T22:06:55Z","2019-02-01T22:35:35Z","politifact15512_5","3"
"3XBYQ44Z6PR6PU3IKZDNRFKX07QWTX","A1F5ND0R1ILGYK","Approved","2019-02-01T22:14:00Z","2019-02-01T22:35:35Z","politifact15512_1","0"
"3XBYQ44Z6PR6PU3IKZDNRFKX07QWTX","A1F5ND0R1ILGYK","Approved","2019-02-01T22:14:00Z","2019-02-01T22:35:35Z","politifact15512_2","0"
"3XBYQ44Z6PR6PU3IKZDNRFKX07QWTX","A1F5ND0R1ILGYK","Approved","2019-02-01T22:14:00Z","2019-02-01T22:35:35Z","politifact15512_3","0"
"3XBYQ44Z6PR6PU3IKZDNRFKX07QWTX","A1F5ND0R1ILGYK","Approved","2019-02-01T22:14:00Z","2019-02-01T22:35:35Z","politifact15512_4","0"
"3XBYQ44Z6PR6PU3IKZDNRFKX07QWTX","A1F5ND0R1ILGYK","Approved","2019-02-01T22:14:00Z","2019-02-01T22:35:35Z","politifact15512_5","0"
"3XBYQ44Z6PR6PU3IKZDNRFKX07QWTX","A369Q6VMEEEYKV","Approved","2019-02-02T00:06:44Z","2019-02-02T05:42:00Z","politifact15512_1","1"
"3XBYQ44Z6PR6PU3IKZDNRFKX07QWTX","A369Q6VMEEEYKV","Approved","2019-02-02T00:06:44Z","2019-02-02T05:42:00Z","politifact15512_2","3"
"3XBYQ44Z6PR6PU3IKZDNRFKX07QWTX","A369Q6VMEEEYKV","Approved","2019-02-02T00:06:44Z","2019-02-02T05:42:00Z","politifact15512_3","1"
"3XBYQ44Z6PR6PU3IKZDNRFKX07QWTX","A369Q6VMEEEYKV","Approved","2019-02-02T00:06:44Z","2019-02-02T05:42:00Z","politifact15512_4","3"
"3XBYQ44Z6PR6PU3IKZDNRFKX07QWTX","A369Q6VMEEEYKV","Approved","2019-02-02T00:06:44Z","2019-02-02T05:42:00Z","politifact15512_5","2"
"3L1EFR8WWTSLUT89W4Y6WRXLBXXF9I","A2SB9HU5RD9QCP","Approved","2019-02-01T22:09:55Z","2019-02-01T22:35:35Z","politifact15270_1","0"
"3L1EFR8WWTSLUT89W4Y6WRXLBXXF9I","A2SB9HU5RD9QCP","Approved","2019-02-01T22:09:55Z","2019-02-01T22:35:35Z","politifact15270_2","0"
"3L1EFR8WWTSLUT89W4Y6WRXLBXXF9I","A2SB9HU5RD9QCP","Approved","2019-02-01T22:09:55Z","2019-02-01T22:35:35Z","politifact15270_3","1"
"3L1EFR8WWTSLUT89W4Y6WRXLBXXF9I","A2SB9HU5RD9QCP","Approved","2019-02-01T22:09:55Z","2019-02-01T22:35:35Z","politifact15270_4","0"
"3L1EFR8WWTSLUT89W4Y6WRXLBXXF9I","A2SB9HU5RD9QCP","Approved","2019-02-01T22:09:55Z","2019-02-01T22:35:35Z","politifact15270_5","0"
"3L1EFR8WWTSLUT89W4Y6WRXLBXXF9I","A1PUHCEBSOWETV","Approved","2019-02-01T22:10:08Z","2019-02-01T22:35:35Z","politifact15270_1","2"
"3L1EFR8WWTSLUT89W4Y6WRXLBXXF9I","A1PUHCEBSOWETV","Approved","2019-02-01T22:10:08Z","2019-02-01T22:35:35Z","politifact15270_2","4"
"3L1EFR8WWTSLUT89W4Y6WRXLBXXF9I","A1PUHCEBSOWETV","Approved","2019-02-01T22:10:08Z","2019-02-01T22:35:35Z","politifact15270_3","3"
"3L1EFR8WWTSLUT89W4Y6WRXLBXXF9I","A1PUHCEBSOWETV","Approved","2019-02-01T22:10:08Z","2019-02-01T22:35:35Z","politifact15270_4","2"
"3L1EFR8WWTSLUT89W4Y6WRXLBXXF9I","A1PUHCEBSOWETV","Approved","2019-02-01T22:10:08Z","2019-02-01T22:35:35Z","politifact15270_5","4"
"3L1EFR8WWTSLUT89W4Y6WRXLBXXF9I","AA4K447XU4I3M","Approved","2019-02-01T22:13:43Z","2019-02-01T22:35:35Z","politifact15270_1","0"
"3L1EFR8WWTSLUT89W4Y6WRXLBXXF9I","AA4K447XU4I3M","Approved","2019-02-01T22:13:43Z","2019-02-01T22:35:35Z","politifact15270_2","0"
"3L1EFR8WWTSLUT89W4Y6WRXLBXXF9I","AA4K447XU4I3M","Approved","2019-02-01T22:13:43Z","2019-02-01T22:35:35Z","politifact15270_3","0"
"3L1EFR8WWTSLUT89W4Y6WRXLBXXF9I","AA4K447XU4I3M","Approved","2019-02-01T22:13:43Z","2019-02-01T22:35:35Z","politifact15270_4","0"
"3L1EFR8WWTSLUT89W4Y6WRXLBXXF9I","AA4K447XU4I3M","Approved","2019-02-01T22:13:43Z","2019-02-01T22:35:35Z","politifact15270_5","0"
"3SCKNODZ0X3T42XXFVJZQ0FOIYVN7L","A1PUHCEBSOWETV","Approved","2019-02-01T22:08:11Z","2019-02-01T22:35:35Z","politifact15141_1","4"
"3SCKNODZ0X3T42XXFVJZQ0FOIYVN7L","A1PUHCEBSOWETV","Approved","2019-02-01T22:08:11Z","2019-02-01T22:35:35Z","politifact15141_2","3"
"3SCKNODZ0X3T42XXFVJZQ0FOIYVN7L","A1PUHCEBSOWETV","Approved","2019-02-01T22:08:11Z","2019-02-01T22:35:35Z","politifact15141_3","2"
"3SCKNODZ0X3T42XXFVJZQ0FOIYVN7L","A1PUHCEBSOWETV","Approved","2019-02-01T22:08:11Z","2019-02-01T22:35:35Z","politifact15141_4","4"
"3SCKNODZ0X3T42XXFVJZQ0FOIYVN7L","A1PUHCEBSOWETV","Approved","2019-02-01T22:08:11Z","2019-02-01T22:35:35Z","politifact15141_5","3"
"3SCKNODZ0X3T42XXFVJZQ0FOIYVN7L","A2M5I4KGKF9J7Q","Approved","2019-02-01T22:08:24Z","2019-02-01T22:35:36Z","politifact15141_1","0"
"3SCKNODZ0X3T42XXFVJZQ0FOIYVN7L","A2M5I4KGKF9J7Q","Approved","2019-02-01T22:08:24Z","2019-02-01T22:35:36Z","politifact15141_2","1"
"3SCKNODZ0X3T42XXFVJZQ0FOIYVN7L","A2M5I4KGKF9J7Q","Approved","2019-02-01T22:08:24Z","2019-02-01T22:35:36Z","politifact15141_3","0"
"3SCKNODZ0X3T42XXFVJZQ0FOIYVN7L","A2M5I4KGKF9J7Q","Approved","2019-02-01T22:08:24Z","2019-02-01T22:35:36Z","politifact15141_4","0"
"3SCKNODZ0X3T42XXFVJZQ0FOIYVN7L","A2M5I4KGKF9J7Q","Approved","2019-02-01T22:08:24Z","2019-02-01T22:35:36Z","politifact15141_5","0"
"3SCKNODZ0X3T42XXFVJZQ0FOIYVN7L","A2RMJNF6IPI42F","Approved","2019-02-02T00:09:11Z","2019-02-02T05:42:00Z","politifact15141_1","0"
"3SCKNODZ0X3T42XXFVJZQ0FOIYVN7L","A2RMJNF6IPI42F","Approved","2019-02-02T00:09:11Z","2019-02-02T05:42:00Z","politifact15141_2","0"
"3SCKNODZ0X3T42XXFVJZQ0FOIYVN7L","A2RMJNF6IPI42F","Approved","2019-02-02T00:09:11Z","2019-02-02T05:42:00Z","politifact15141_3","0"
"3SCKNODZ0X3T42XXFVJZQ0FOIYVN7L","A2RMJNF6IPI42F","Approved","2019-02-02T00:09:11Z","2019-02-02T05:42:00Z","politifact15141_4","0"
"3SCKNODZ0X3T42XXFVJZQ0FOIYVN7L","A2RMJNF6IPI42F","Approved","2019-02-02T00:09:11Z","2019-02-02T05:42:00Z","politifact15141_5","0"
"3S1L4CQSFXSZZCIEOAC6SM85HFFFAX","A1PUHCEBSOWETV","Approved","2019-02-01T22:06:49Z","2019-02-01T22:35:36Z","politifact15147_1","3"
"3S1L4CQSFXSZZCIEOAC6SM85HFFFAX","A1PUHCEBSOWETV","Approved","2019-02-01T22:06:49Z","2019-02-01T22:35:36Z","politifact15147_2","4"
"3S1L4CQSFXSZZCIEOAC6SM85HFFFAX","A1PUHCEBSOWETV","Approved","2019-02-01T22:06:49Z","2019-02-01T22:35:36Z","politifact15147_3","4"
"3S1L4CQSFXSZZCIEOAC6SM85HFFFAX","A1PUHCEBSOWETV","Approved","2019-02-01T22:06:49Z","2019-02-01T22:35:36Z","politifact15147_4","3"
"3S1L4CQSFXSZZCIEOAC6SM85HFFFAX","A1PUHCEBSOWETV","Approved","2019-02-01T22:06:49Z","2019-02-01T22:35:36Z","politifact15147_5","4"
"3S1L4CQSFXSZZCIEOAC6SM85HFFFAX","A1IYHQPPOACU83","Approved","2019-02-01T22:11:53Z","2019-02-01T22:35:36Z","politifact15147_1","1"
"3S1L4CQSFXSZZCIEOAC6SM85HFFFAX","A1IYHQPPOACU83","Approved","2019-02-01T22:11:53Z","2019-02-01T22:35:36Z","politifact15147_2","1"
"3S1L4CQSFXSZZCIEOAC6SM85HFFFAX","A1IYHQPPOACU83","Approved","2019-02-01T22:11:53Z","2019-02-01T22:35:36Z","politifact15147_3","3"
"3S1L4CQSFXSZZCIEOAC6SM85HFFFAX","A1IYHQPPOACU83","Approved","2019-02-01T22:11:53Z","2019-02-01T22:35:36Z","politifact15147_4","0"
"3S1L4CQSFXSZZCIEOAC6SM85HFFFAX","A1IYHQPPOACU83","Approved","2019-02-01T22:11:53Z","2019-02-01T22:35:36Z","politifact15147_5","1"
"3S1L4CQSFXSZZCIEOAC6SM85HFFFAX","A1DCKRRPA4AWVD","Approved","2019-02-02T01:40:33Z","2019-02-02T05:42:00Z","politifact15147_1","2"
"3S1L4CQSFXSZZCIEOAC6SM85HFFFAX","A1DCKRRPA4AWVD","Approved","2019-02-02T01:40:33Z","2019-02-02T05:42:00Z","politifact15147_2","0"
"3S1L4CQSFXSZZCIEOAC6SM85HFFFAX","A1DCKRRPA4AWVD","Approved","2019-02-02T01:40:33Z","2019-02-02T05:42:00Z","politifact15147_3","0"
"3S1L4CQSFXSZZCIEOAC6SM85HFFFAX","A1DCKRRPA4AWVD","Approved","2019-02-02T01:40:33Z","2019-02-02T05:42:00Z","politifact15147_4","1"
"3S1L4CQSFXSZZCIEOAC6SM85HFFFAX","A1DCKRRPA4AWVD","Approved","2019-02-02T01:40:33Z","2019-02-02T05:42:00Z","politifact15147_5","0"
"3JVP4ZJHDPFN8QMMXGLY6D9KOLVI00","A1PUHCEBSOWETV","Approved","2019-02-01T22:07:16Z","2019-02-01T22:35:36Z","politifact15599_1","2"
"3JVP4ZJHDPFN8QMMXGLY6D9KOLVI00","A1PUHCEBSOWETV","Approved","2019-02-01T22:07:16Z","2019-02-01T22:35:36Z","politifact15599_2","4"
"3JVP4ZJHDPFN8QMMXGLY6D9KOLVI00","A1PUHCEBSOWETV","Approved","2019-02-01T22:07:16Z","2019-02-01T22:35:36Z","politifact15599_3","4"
"3JVP4ZJHDPFN8QMMXGLY6D9KOLVI00","A1PUHCEBSOWETV","Approved","2019-02-01T22:07:16Z","2019-02-01T22:35:36Z","politifact15599_4","2"
"3JVP4ZJHDPFN8QMMXGLY6D9KOLVI00","A1PUHCEBSOWETV","Approved","2019-02-01T22:07:16Z","2019-02-01T22:35:36Z","politifact15599_5","3"
"3JVP4ZJHDPFN8QMMXGLY6D9KOLVI00","A1YSYI926BBOHW","Approved","2019-02-01T22:20:30Z","2019-02-01T22:35:36Z","politifact15599_1","0"
"3JVP4ZJHDPFN8QMMXGLY6D9KOLVI00","A1YSYI926BBOHW","Approved","2019-02-01T22:20:30Z","2019-02-01T22:35:36Z","politifact15599_2","0"
"3JVP4ZJHDPFN8QMMXGLY6D9KOLVI00","A1YSYI926BBOHW","Approved","2019-02-01T22:20:30Z","2019-02-01T22:35:36Z","politifact15599_3","0"
"3JVP4ZJHDPFN8QMMXGLY6D9KOLVI00","A1YSYI926BBOHW","Approved","2019-02-01T22:20:30Z","2019-02-01T22:35:36Z","politifact15599_4","0"
"3JVP4ZJHDPFN8QMMXGLY6D9KOLVI00","A1YSYI926BBOHW","Approved","2019-02-01T22:20:30Z","2019-02-01T22:35:36Z","politifact15599_5","0"
"3JVP4ZJHDPFN8QMMXGLY6D9KOLVI00","A2RMJNF6IPI42F","Approved","2019-02-01T22:26:33Z","2019-02-01T22:35:36Z","politifact15599_1","0"
"3JVP4ZJHDPFN8QMMXGLY6D9KOLVI00","A2RMJNF6IPI42F","Approved","2019-02-01T22:26:33Z","2019-02-01T22:35:36Z","politifact15599_2","0"
"3JVP4ZJHDPFN8QMMXGLY6D9KOLVI00","A2RMJNF6IPI42F","Approved","2019-02-01T22:26:33Z","2019-02-01T22:35:36Z","politifact15599_3","0"
"3JVP4ZJHDPFN8QMMXGLY6D9KOLVI00","A2RMJNF6IPI42F","Approved","2019-02-01T22:26:33Z","2019-02-01T22:35:36Z","politifact15599_4","0"
"3JVP4ZJHDPFN8QMMXGLY6D9KOLVI00","A2RMJNF6IPI42F","Approved","2019-02-01T22:26:33Z","2019-02-01T22:35:36Z","politifact15599_5","0"
"3XDJY5RK5S89G5ZNAYXE1JN8ZSYU40","A1KXG7W711GZDJ","Approved","2019-02-01T22:09:33Z","2019-02-01T22:35:37Z","politifact14095_1","0"
"3XDJY5RK5S89G5ZNAYXE1JN8ZSYU40","A1KXG7W711GZDJ","Approved","2019-02-01T22:09:33Z","2019-02-01T22:35:37Z","politifact14095_2","1"
"3XDJY5RK5S89G5ZNAYXE1JN8ZSYU40","A1KXG7W711GZDJ","Approved","2019-02-01T22:09:33Z","2019-02-01T22:35:37Z","politifact14095_3","1"
"3XDJY5RK5S89G5ZNAYXE1JN8ZSYU40","A1KXG7W711GZDJ","Approved","2019-02-01T22:09:33Z","2019-02-01T22:35:37Z","politifact14095_4","0"
"3XDJY5RK5S89G5ZNAYXE1JN8ZSYU40","A1KXG7W711GZDJ","Approved","2019-02-01T22:09:33Z","2019-02-01T22:35:37Z","politifact14095_5","0"
"3XDJY5RK5S89G5ZNAYXE1JN8ZSYU40","A1PUHCEBSOWETV","Approved","2019-02-01T22:10:03Z","2019-02-01T22:35:37Z","politifact14095_1","2"
"3XDJY5RK5S89G5ZNAYXE1JN8ZSYU40","A1PUHCEBSOWETV","Approved","2019-02-01T22:10:03Z","2019-02-01T22:35:37Z","politifact14095_2","4"
"3XDJY5RK5S89G5ZNAYXE1JN8ZSYU40","A1PUHCEBSOWETV","Approved","2019-02-01T22:10:03Z","2019-02-01T22:35:37Z","politifact14095_3","3"
"3XDJY5RK5S89G5ZNAYXE1JN8ZSYU40","A1PUHCEBSOWETV","Approved","2019-02-01T22:10:03Z","2019-02-01T22:35:37Z","politifact14095_4","4"
"3XDJY5RK5S89G5ZNAYXE1JN8ZSYU40","A1PUHCEBSOWETV","Approved","2019-02-01T22:10:03Z","2019-02-01T22:35:37Z","politifact14095_5","2"
"3XDJY5RK5S89G5ZNAYXE1JN8ZSYU40","A2RMJNF6IPI42F","Approved","2019-02-02T00:11:32Z","2019-02-02T05:42:01Z","politifact14095_1","0"
"3XDJY5RK5S89G5ZNAYXE1JN8ZSYU40","A2RMJNF6IPI42F","Approved","2019-02-02T00:11:32Z","2019-02-02T05:42:01Z","politifact14095_2","0"
"3XDJY5RK5S89G5ZNAYXE1JN8ZSYU40","A2RMJNF6IPI42F","Approved","2019-02-02T00:11:32Z","2019-02-02T05:42:01Z","politifact14095_3","0"
"3XDJY5RK5S89G5ZNAYXE1JN8ZSYU40","A2RMJNF6IPI42F","Approved","2019-02-02T00:11:32Z","2019-02-02T05:42:01Z","politifact14095_4","0"
"3XDJY5RK5S89G5ZNAYXE1JN8ZSYU40","A2RMJNF6IPI42F","Approved","2019-02-02T00:11:32Z","2019-02-02T05:42:01Z","politifact14095_5","0"
"3QREJ3J433KRBH1WMCSTHDGLJNVKLM","A1PUHCEBSOWETV","Approved","2019-02-01T22:07:01Z","2019-02-01T22:35:37Z","politifact13584_1","2"
"3QREJ3J433KRBH1WMCSTHDGLJNVKLM","A1PUHCEBSOWETV","Approved","2019-02-01T22:07:01Z","2019-02-01T22:35:37Z","politifact13584_2","4"
"3QREJ3J433KRBH1WMCSTHDGLJNVKLM","A1PUHCEBSOWETV","Approved","2019-02-01T22:07:01Z","2019-02-01T22:35:37Z","politifact13584_3","3"
"3QREJ3J433KRBH1WMCSTHDGLJNVKLM","A1PUHCEBSOWETV","Approved","2019-02-01T22:07:01Z","2019-02-01T22:35:37Z","politifact13584_4","2"
"3QREJ3J433KRBH1WMCSTHDGLJNVKLM","A1PUHCEBSOWETV","Approved","2019-02-01T22:07:01Z","2019-02-01T22:35:37Z","politifact13584_5","4"
"3QREJ3J433KRBH1WMCSTHDGLJNVKLM","AZUJIZVGOW9KT","Approved","2019-02-01T22:15:06Z","2019-02-01T22:35:37Z","politifact13584_1","0"
"3QREJ3J433KRBH1WMCSTHDGLJNVKLM","AZUJIZVGOW9KT","Approved","2019-02-01T22:15:06Z","2019-02-01T22:35:37Z","politifact13584_2","0"
"3QREJ3J433KRBH1WMCSTHDGLJNVKLM","AZUJIZVGOW9KT","Approved","2019-02-01T22:15:06Z","2019-02-01T22:35:37Z","politifact13584_3","0"
"3QREJ3J433KRBH1WMCSTHDGLJNVKLM","AZUJIZVGOW9KT","Approved","2019-02-01T22:15:06Z","2019-02-01T22:35:37Z","politifact13584_4","0"
"3QREJ3J433KRBH1WMCSTHDGLJNVKLM","AZUJIZVGOW9KT","Approved","2019-02-01T22:15:06Z","2019-02-01T22:35:37Z","politifact13584_5","0"
"3QREJ3J433KRBH1WMCSTHDGLJNVKLM","A1YSYI926BBOHW","Approved","2019-02-01T22:26:40Z","2019-02-01T22:35:37Z","politifact13584_1","0"
"3QREJ3J433KRBH1WMCSTHDGLJNVKLM","A1YSYI926BBOHW","Approved","2019-02-01T22:26:40Z","2019-02-01T22:35:37Z","politifact13584_2","0"
"3QREJ3J433KRBH1WMCSTHDGLJNVKLM","A1YSYI926BBOHW","Approved","2019-02-01T22:26:40Z","2019-02-01T22:35:37Z","politifact13584_3","0"
"3QREJ3J433KRBH1WMCSTHDGLJNVKLM","A1YSYI926BBOHW","Approved","2019-02-01T22:26:40Z","2019-02-01T22:35:37Z","politifact13584_4","0"
"3QREJ3J433KRBH1WMCSTHDGLJNVKLM","A1YSYI926BBOHW","Approved","2019-02-01T22:26:40Z","2019-02-01T22:35:37Z","politifact13584_5","0"
"3P520RYKCHTRCO3NO3GO6BTMZOTU55","A1PUHCEBSOWETV","Approved","2019-02-01T22:07:46Z","2019-02-01T22:35:37Z","politifact14832_1","4"
"3P520RYKCHTRCO3NO3GO6BTMZOTU55","A1PUHCEBSOWETV","Approved","2019-02-01T22:07:46Z","2019-02-01T22:35:37Z","politifact14832_2","3"
"3P520RYKCHTRCO3NO3GO6BTMZOTU55","A1PUHCEBSOWETV","Approved","2019-02-01T22:07:46Z","2019-02-01T22:35:37Z","politifact14832_3","2"
"3P520RYKCHTRCO3NO3GO6BTMZOTU55","A1PUHCEBSOWETV","Approved","2019-02-01T22:07:46Z","2019-02-01T22:35:37Z","politifact14832_4","2"
"3P520RYKCHTRCO3NO3GO6BTMZOTU55","A1PUHCEBSOWETV","Approved","2019-02-01T22:07:46Z","2019-02-01T22:35:37Z","politifact14832_5","4"
"3P520RYKCHTRCO3NO3GO6BTMZOTU55","A1F5ND0R1ILGYK","Approved","2019-02-01T22:16:20Z","2019-02-01T22:35:37Z","politifact14832_1","0"
"3P520RYKCHTRCO3NO3GO6BTMZOTU55","A1F5ND0R1ILGYK","Approved","2019-02-01T22:16:20Z","2019-02-01T22:35:37Z","politifact14832_2","1"
"3P520RYKCHTRCO3NO3GO6BTMZOTU55","A1F5ND0R1ILGYK","Approved","2019-02-01T22:16:20Z","2019-02-01T22:35:37Z","politifact14832_3","2"
"3P520RYKCHTRCO3NO3GO6BTMZOTU55","A1F5ND0R1ILGYK","Approved","2019-02-01T22:16:20Z","2019-02-01T22:35:37Z","politifact14832_4","3"
"3P520RYKCHTRCO3NO3GO6BTMZOTU55","A1F5ND0R1ILGYK","Approved","2019-02-01T22:16:20Z","2019-02-01T22:35:37Z","politifact14832_5","4"
"3P520RYKCHTRCO3NO3GO6BTMZOTU55","A2RMJNF6IPI42F","Approved","2019-02-01T22:25:33Z","2019-02-01T22:35:37Z","politifact14832_1","0"
"3P520RYKCHTRCO3NO3GO6BTMZOTU55","A2RMJNF6IPI42F","Approved","2019-02-01T22:25:33Z","2019-02-01T22:35:37Z","politifact14832_2","2"
"3P520RYKCHTRCO3NO3GO6BTMZOTU55","A2RMJNF6IPI42F","Approved","2019-02-01T22:25:33Z","2019-02-01T22:35:37Z","politifact14832_3","1"
"3P520RYKCHTRCO3NO3GO6BTMZOTU55","A2RMJNF6IPI42F","Approved","2019-02-01T22:25:33Z","2019-02-01T22:35:37Z","politifact14832_4","3"
"3P520RYKCHTRCO3NO3GO6BTMZOTU55","A2RMJNF6IPI42F","Approved","2019-02-01T22:25:33Z","2019-02-01T22:35:37Z","politifact14832_5","2"
"3IVKZBIBJ0WND4VE00MXG7EOJ0ZSH4","A1PUHCEBSOWETV","Approved","2019-02-01T22:09:50Z","2019-02-01T22:35:38Z","politifact15095_1","4"
"3IVKZBIBJ0WND4VE00MXG7EOJ0ZSH4","A1PUHCEBSOWETV","Approved","2019-02-01T22:09:50Z","2019-02-01T22:35:38Z","politifact15095_2","3"
"3IVKZBIBJ0WND4VE00MXG7EOJ0ZSH4","A1PUHCEBSOWETV","Approved","2019-02-01T22:09:50Z","2019-02-01T22:35:38Z","politifact15095_3","2"
"3IVKZBIBJ0WND4VE00MXG7EOJ0ZSH4","A1PUHCEBSOWETV","Approved","2019-02-01T22:09:50Z","2019-02-01T22:35:38Z","politifact15095_4","4"
"3IVKZBIBJ0WND4VE00MXG7EOJ0ZSH4","A1PUHCEBSOWETV","Approved","2019-02-01T22:09:50Z","2019-02-01T22:35:38Z","politifact15095_5","3"
"3IVKZBIBJ0WND4VE00MXG7EOJ0ZSH4","A1YSYI926BBOHW","Approved","2019-02-01T22:27:38Z","2019-02-01T22:35:38Z","politifact15095_1","0"
"3IVKZBIBJ0WND4VE00MXG7EOJ0ZSH4","A1YSYI926BBOHW","Approved","2019-02-01T22:27:38Z","2019-02-01T22:35:38Z","politifact15095_2","0"
"3IVKZBIBJ0WND4VE00MXG7EOJ0ZSH4","A1YSYI926BBOHW","Approved","2019-02-01T22:27:38Z","2019-02-01T22:35:38Z","politifact15095_3","0"
"3IVKZBIBJ0WND4VE00MXG7EOJ0ZSH4","A1YSYI926BBOHW","Approved","2019-02-01T22:27:38Z","2019-02-01T22:35:38Z","politifact15095_4","0"
"3IVKZBIBJ0WND4VE00MXG7EOJ0ZSH4","A1YSYI926BBOHW","Approved","2019-02-01T22:27:38Z","2019-02-01T22:35:38Z","politifact15095_5","0"
"3IVKZBIBJ0WND4VE00MXG7EOJ0ZSH4","A209ROKVKHDRM7","Approved","2019-02-01T22:55:16Z","2019-02-02T05:42:01Z","politifact15095_1","0"
"3IVKZBIBJ0WND4VE00MXG7EOJ0ZSH4","A209ROKVKHDRM7","Approved","2019-02-01T22:55:16Z","2019-02-02T05:42:01Z","politifact15095_2","2"
"3IVKZBIBJ0WND4VE00MXG7EOJ0ZSH4","A209ROKVKHDRM7","Approved","2019-02-01T22:55:16Z","2019-02-02T05:42:01Z","politifact15095_3","2"
"3IVKZBIBJ0WND4VE00MXG7EOJ0ZSH4","A209ROKVKHDRM7","Approved","2019-02-01T22:55:16Z","2019-02-02T05:42:01Z","politifact15095_4","4"
"3IVKZBIBJ0WND4VE00MXG7EOJ0ZSH4","A209ROKVKHDRM7","Approved","2019-02-01T22:55:16Z","2019-02-02T05:42:01Z","politifact15095_5","3"
"3IH9TRB0FBMNFF74TZPYKISUTD1I13","A1PUHCEBSOWETV","Approved","2019-02-01T22:07:04Z","2019-02-01T22:35:38Z","politifact13905_1","2"
"3IH9TRB0FBMNFF74TZPYKISUTD1I13","A1PUHCEBSOWETV","Approved","2019-02-01T22:07:04Z","2019-02-01T22:35:38Z","politifact13905_2","4"
"3IH9TRB0FBMNFF74TZPYKISUTD1I13","A1PUHCEBSOWETV","Approved","2019-02-01T22:07:04Z","2019-02-01T22:35:38Z","politifact13905_3","2"
"3IH9TRB0FBMNFF74TZPYKISUTD1I13","A1PUHCEBSOWETV","Approved","2019-02-01T22:07:04Z","2019-02-01T22:35:38Z","politifact13905_4","4"
"3IH9TRB0FBMNFF74TZPYKISUTD1I13","A1PUHCEBSOWETV","Approved","2019-02-01T22:07:04Z","2019-02-01T22:35:38Z","politifact13905_5","3"
"3IH9TRB0FBMNFF74TZPYKISUTD1I13","A1F5ND0R1ILGYK","Approved","2019-02-01T22:17:04Z","2019-02-01T22:35:38Z","politifact13905_1","0"
"3IH9TRB0FBMNFF74TZPYKISUTD1I13","A1F5ND0R1ILGYK","Approved","2019-02-01T22:17:04Z","2019-02-01T22:35:38Z","politifact13905_2","0"
"3IH9TRB0FBMNFF74TZPYKISUTD1I13","A1F5ND0R1ILGYK","Approved","2019-02-01T22:17:04Z","2019-02-01T22:35:38Z","politifact13905_3","0"
"3IH9TRB0FBMNFF74TZPYKISUTD1I13","A1F5ND0R1ILGYK","Approved","2019-02-01T22:17:04Z","2019-02-01T22:35:38Z","politifact13905_4","0"
"3IH9TRB0FBMNFF74TZPYKISUTD1I13","A1F5ND0R1ILGYK","Approved","2019-02-01T22:17:04Z","2019-02-01T22:35:38Z","politifact13905_5","0"
"3IH9TRB0FBMNFF74TZPYKISUTD1I13","A2RMJNF6IPI42F","Approved","2019-02-01T22:26:55Z","2019-02-01T22:35:38Z","politifact13905_1","0"
"3IH9TRB0FBMNFF74TZPYKISUTD1I13","A2RMJNF6IPI42F","Approved","2019-02-01T22:26:55Z","2019-02-01T22:35:38Z","politifact13905_2","0"
"3IH9TRB0FBMNFF74TZPYKISUTD1I13","A2RMJNF6IPI42F","Approved","2019-02-01T22:26:55Z","2019-02-01T22:35:38Z","politifact13905_3","0"
"3IH9TRB0FBMNFF74TZPYKISUTD1I13","A2RMJNF6IPI42F","Approved","2019-02-01T22:26:55Z","2019-02-01T22:35:38Z","politifact13905_4","0"
"3IH9TRB0FBMNFF74TZPYKISUTD1I13","A2RMJNF6IPI42F","Approved","2019-02-01T22:26:55Z","2019-02-01T22:35:38Z","politifact13905_5","0"
"3VEI3XUCZRK3P6TP4OUXZ6BJJPQPRI","A1PUHCEBSOWETV","Approved","2019-02-01T22:10:11Z","2019-02-01T22:35:38Z","politifact14003_1","3"
"3VEI3XUCZRK3P6TP4OUXZ6BJJPQPRI","A1PUHCEBSOWETV","Approved","2019-02-01T22:10:11Z","2019-02-01T22:35:38Z","politifact14003_2","4"
"3VEI3XUCZRK3P6TP4OUXZ6BJJPQPRI","A1PUHCEBSOWETV","Approved","2019-02-01T22:10:11Z","2019-02-01T22:35:38Z","politifact14003_3","2"
"3VEI3XUCZRK3P6TP4OUXZ6BJJPQPRI","A1PUHCEBSOWETV","Approved","2019-02-01T22:10:11Z","2019-02-01T22:35:38Z","politifact14003_4","3"
"3VEI3XUCZRK3P6TP4OUXZ6BJJPQPRI","A1PUHCEBSOWETV","Approved","2019-02-01T22:10:11Z","2019-02-01T22:35:38Z","politifact14003_5","4"
"3VEI3XUCZRK3P6TP4OUXZ6BJJPQPRI","A1F5ND0R1ILGYK","Approved","2019-02-01T22:19:13Z","2019-02-01T22:35:38Z","politifact14003_1","0"
"3VEI3XUCZRK3P6TP4OUXZ6BJJPQPRI","A1F5ND0R1ILGYK","Approved","2019-02-01T22:19:13Z","2019-02-01T22:35:38Z","politifact14003_2","4"
"3VEI3XUCZRK3P6TP4OUXZ6BJJPQPRI","A1F5ND0R1ILGYK","Approved","2019-02-01T22:19:13Z","2019-02-01T22:35:38Z","politifact14003_3","0"
"3VEI3XUCZRK3P6TP4OUXZ6BJJPQPRI","A1F5ND0R1ILGYK","Approved","2019-02-01T22:19:13Z","2019-02-01T22:35:38Z","politifact14003_4","0"
"3VEI3XUCZRK3P6TP4OUXZ6BJJPQPRI","A1F5ND0R1ILGYK","Approved","2019-02-01T22:19:13Z","2019-02-01T22:35:38Z","politifact14003_5","0"
"3VEI3XUCZRK3P6TP4OUXZ6BJJPQPRI","A2RMJNF6IPI42F","Approved","2019-02-02T00:02:57Z","2019-02-02T05:42:02Z","politifact14003_1","0"
"3VEI3XUCZRK3P6TP4OUXZ6BJJPQPRI","A2RMJNF6IPI42F","Approved","2019-02-02T00:02:57Z","2019-02-02T05:42:02Z","politifact14003_2","4"
"3VEI3XUCZRK3P6TP4OUXZ6BJJPQPRI","A2RMJNF6IPI42F","Approved","2019-02-02T00:02:57Z","2019-02-02T05:42:02Z","politifact14003_3","0"
"3VEI3XUCZRK3P6TP4OUXZ6BJJPQPRI","A2RMJNF6IPI42F","Approved","2019-02-02T00:02:57Z","2019-02-02T05:42:02Z","politifact14003_4","0"
"3VEI3XUCZRK3P6TP4OUXZ6BJJPQPRI","A2RMJNF6IPI42F","Approved","2019-02-02T00:02:57Z","2019-02-02T05:42:02Z","politifact14003_5","0"
"3S8APUMBJX64IMN6UOC2NXSBZX0FBS","A1PUHCEBSOWETV","Approved","2019-02-01T22:09:00Z","2019-02-01T22:35:39Z","politifact14235_1","4"
"3S8APUMBJX64IMN6UOC2NXSBZX0FBS","A1PUHCEBSOWETV","Approved","2019-02-01T22:09:00Z","2019-02-01T22:35:39Z","politifact14235_2","3"
"3S8APUMBJX64IMN6UOC2NXSBZX0FBS","A1PUHCEBSOWETV","Approved","2019-02-01T22:09:00Z","2019-02-01T22:35:39Z","politifact14235_3","2"
"3S8APUMBJX64IMN6UOC2NXSBZX0FBS","A1PUHCEBSOWETV","Approved","2019-02-01T22:09:00Z","2019-02-01T22:35:39Z","politifact14235_4","3"
"3S8APUMBJX64IMN6UOC2NXSBZX0FBS","A1PUHCEBSOWETV","Approved","2019-02-01T22:09:00Z","2019-02-01T22:35:39Z","politifact14235_5","4"
"3S8APUMBJX64IMN6UOC2NXSBZX0FBS","A1YSYI926BBOHW","Approved","2019-02-01T22:20:18Z","2019-02-01T22:35:39Z","politifact14235_1","0"
"3S8APUMBJX64IMN6UOC2NXSBZX0FBS","A1YSYI926BBOHW","Approved","2019-02-01T22:20:18Z","2019-02-01T22:35:39Z","politifact14235_2","0"
"3S8APUMBJX64IMN6UOC2NXSBZX0FBS","A1YSYI926BBOHW","Approved","2019-02-01T22:20:18Z","2019-02-01T22:35:39Z","politifact14235_3","0"
"3S8APUMBJX64IMN6UOC2NXSBZX0FBS","A1YSYI926BBOHW","Approved","2019-02-01T22:20:18Z","2019-02-01T22:35:39Z","politifact14235_4","0"
"3S8APUMBJX64IMN6UOC2NXSBZX0FBS","A1YSYI926BBOHW","Approved","2019-02-01T22:20:18Z","2019-02-01T22:35:39Z","politifact14235_5","0"
"3S8APUMBJX64IMN6UOC2NXSBZX0FBS","A2RMJNF6IPI42F","Approved","2019-02-02T00:11:12Z","2019-02-02T05:42:02Z","politifact14235_1","0"
"3S8APUMBJX64IMN6UOC2NXSBZX0FBS","A2RMJNF6IPI42F","Approved","2019-02-02T00:11:12Z","2019-02-02T05:42:02Z","politifact14235_2","0"
"3S8APUMBJX64IMN6UOC2NXSBZX0FBS","A2RMJNF6IPI42F","Approved","2019-02-02T00:11:12Z","2019-02-02T05:42:02Z","politifact14235_3","0"
"3S8APUMBJX64IMN6UOC2NXSBZX0FBS","A2RMJNF6IPI42F","Approved","2019-02-02T00:11:12Z","2019-02-02T05:42:02Z","politifact14235_4","0"
"3S8APUMBJX64IMN6UOC2NXSBZX0FBS","A2RMJNF6IPI42F","Approved","2019-02-02T00:11:12Z","2019-02-02T05:42:02Z","politifact14235_5","0"
"3HEM8MA6H9Z3D5EPR95XUG1EN3OPQH","A1PUHCEBSOWETV","Approved","2019-02-01T22:07:44Z","2019-02-01T22:35:39Z","politifact14908_1","2"
"3HEM8MA6H9Z3D5EPR95XUG1EN3OPQH","A1PUHCEBSOWETV","Approved","2019-02-01T22:07:44Z","2019-02-01T22:35:39Z","politifact14908_2","4"
"3HEM8MA6H9Z3D5EPR95XUG1EN3OPQH","A1PUHCEBSOWETV","Approved","2019-02-01T22:07:44Z","2019-02-01T22:35:39Z","politifact14908_3","3"
"3HEM8MA6H9Z3D5EPR95XUG1EN3OPQH","A1PUHCEBSOWETV","Approved","2019-02-01T22:07:44Z","2019-02-01T22:35:39Z","politifact14908_4","3"
"3HEM8MA6H9Z3D5EPR95XUG1EN3OPQH","A1PUHCEBSOWETV","Approved","2019-02-01T22:07:44Z","2019-02-01T22:35:39Z","politifact14908_5","4"
"3HEM8MA6H9Z3D5EPR95XUG1EN3OPQH","A791T664W1GCS","Approved","2019-02-01T22:09:34Z","2019-02-01T22:35:39Z","politifact14908_1","0"
"3HEM8MA6H9Z3D5EPR95XUG1EN3OPQH","A791T664W1GCS","Approved","2019-02-01T22:09:34Z","2019-02-01T22:35:39Z","politifact14908_2","0"
"3HEM8MA6H9Z3D5EPR95XUG1EN3OPQH","A791T664W1GCS","Approved","2019-02-01T22:09:34Z","2019-02-01T22:35:39Z","politifact14908_3","1"
"3HEM8MA6H9Z3D5EPR95XUG1EN3OPQH","A791T664W1GCS","Approved","2019-02-01T22:09:34Z","2019-02-01T22:35:39Z","politifact14908_4","0"
"3HEM8MA6H9Z3D5EPR95XUG1EN3OPQH","A791T664W1GCS","Approved","2019-02-01T22:09:34Z","2019-02-01T22:35:39Z","politifact14908_5","0"
"3HEM8MA6H9Z3D5EPR95XUG1EN3OPQH","A1KXG7W711GZDJ","Approved","2019-02-01T22:10:21Z","2019-02-01T22:35:39Z","politifact14908_1","0"
"3HEM8MA6H9Z3D5EPR95XUG1EN3OPQH","A1KXG7W711GZDJ","Approved","2019-02-01T22:10:21Z","2019-02-01T22:35:39Z","politifact14908_2","0"
"3HEM8MA6H9Z3D5EPR95XUG1EN3OPQH","A1KXG7W711GZDJ","Approved","2019-02-01T22:10:21Z","2019-02-01T22:35:39Z","politifact14908_3","0"
"3HEM8MA6H9Z3D5EPR95XUG1EN3OPQH","A1KXG7W711GZDJ","Approved","2019-02-01T22:10:21Z","2019-02-01T22:35:39Z","politifact14908_4","0"
"3HEM8MA6H9Z3D5EPR95XUG1EN3OPQH","A1KXG7W711GZDJ","Approved","2019-02-01T22:10:21Z","2019-02-01T22:35:39Z","politifact14908_5","2"
"391JB9X4ZYVBHZJHMOT8HQVAJSLKMO","A1PUHCEBSOWETV","Approved","2019-02-01T22:08:17Z","2019-02-01T22:35:39Z","politifact14664_1","2"
"391JB9X4ZYVBHZJHMOT8HQVAJSLKMO","A1PUHCEBSOWETV","Approved","2019-02-01T22:08:17Z","2019-02-01T22:35:39Z","politifact14664_2","3"
"391JB9X4ZYVBHZJHMOT8HQVAJSLKMO","A1PUHCEBSOWETV","Approved","2019-02-01T22:08:17Z","2019-02-01T22:35:39Z","politifact14664_3","4"
"391JB9X4ZYVBHZJHMOT8HQVAJSLKMO","A1PUHCEBSOWETV","Approved","2019-02-01T22:08:17Z","2019-02-01T22:35:39Z","politifact14664_4","4"
"391JB9X4ZYVBHZJHMOT8HQVAJSLKMO","A1PUHCEBSOWETV","Approved","2019-02-01T22:08:17Z","2019-02-01T22:35:39Z","politifact14664_5","2"
"391JB9X4ZYVBHZJHMOT8HQVAJSLKMO","A2RMJNF6IPI42F","Approved","2019-02-02T00:09:56Z","2019-02-02T05:42:02Z","politifact14664_1","0"
"391JB9X4ZYVBHZJHMOT8HQVAJSLKMO","A2RMJNF6IPI42F","Approved","2019-02-02T00:09:56Z","2019-02-02T05:42:02Z","politifact14664_2","0"
"391JB9X4ZYVBHZJHMOT8HQVAJSLKMO","A2RMJNF6IPI42F","Approved","2019-02-02T00:09:56Z","2019-02-02T05:42:02Z","politifact14664_3","0"
"391JB9X4ZYVBHZJHMOT8HQVAJSLKMO","A2RMJNF6IPI42F","Approved","2019-02-02T00:09:56Z","2019-02-02T05:42:02Z","politifact14664_4","0"
"391JB9X4ZYVBHZJHMOT8HQVAJSLKMO","A2RMJNF6IPI42F","Approved","2019-02-02T00:09:56Z","2019-02-02T05:42:02Z","politifact14664_5","0"
"391JB9X4ZYVBHZJHMOT8HQVAJSLKMO","AG263U3LX899H","Approved","2019-02-02T17:51:08Z","2019-02-03T20:35:01Z","politifact14664_1","0"
"391JB9X4ZYVBHZJHMOT8HQVAJSLKMO","AG263U3LX899H","Approved","2019-02-02T17:51:08Z","2019-02-03T20:35:01Z","politifact14664_2","1"
"391JB9X4ZYVBHZJHMOT8HQVAJSLKMO","AG263U3LX899H","Approved","2019-02-02T17:51:08Z","2019-02-03T20:35:01Z","politifact14664_3","0"
"391JB9X4ZYVBHZJHMOT8HQVAJSLKMO","AG263U3LX899H","Approved","2019-02-02T17:51:08Z","2019-02-03T20:35:01Z","politifact14664_4","0"
"391JB9X4ZYVBHZJHMOT8HQVAJSLKMO","AG263U3LX899H","Approved","2019-02-02T17:51:08Z","2019-02-03T20:35:01Z","politifact14664_5","2"
"3UYRNV2KITMX4G2GP0B540BJTI1N88","A1PUHCEBSOWETV","Approved","2019-02-01T22:07:50Z","2019-02-01T22:35:39Z","politifact14840_1","4"
"3UYRNV2KITMX4G2GP0B540BJTI1N88","A1PUHCEBSOWETV","Approved","2019-02-01T22:07:50Z","2019-02-01T22:35:39Z","politifact14840_2","2"
"3UYRNV2KITMX4G2GP0B540BJTI1N88","A1PUHCEBSOWETV","Approved","2019-02-01T22:07:50Z","2019-02-01T22:35:39Z","politifact14840_3","3"
"3UYRNV2KITMX4G2GP0B540BJTI1N88","A1PUHCEBSOWETV","Approved","2019-02-01T22:07:50Z","2019-02-01T22:35:39Z","politifact14840_4","2"
"3UYRNV2KITMX4G2GP0B540BJTI1N88","A1PUHCEBSOWETV","Approved","2019-02-01T22:07:50Z","2019-02-01T22:35:39Z","politifact14840_5","4"
"3UYRNV2KITMX4G2GP0B540BJTI1N88","A1F5ND0R1ILGYK","Approved","2019-02-01T22:18:33Z","2019-02-01T22:35:39Z","politifact14840_1","0"
"3UYRNV2KITMX4G2GP0B540BJTI1N88","A1F5ND0R1ILGYK","Approved","2019-02-01T22:18:33Z","2019-02-01T22:35:39Z","politifact14840_2","2"
"3UYRNV2KITMX4G2GP0B540BJTI1N88","A1F5ND0R1ILGYK","Approved","2019-02-01T22:18:33Z","2019-02-01T22:35:39Z","politifact14840_3","0"
"3UYRNV2KITMX4G2GP0B540BJTI1N88","A1F5ND0R1ILGYK","Approved","2019-02-01T22:18:33Z","2019-02-01T22:35:39Z","politifact14840_4","1"
"3UYRNV2KITMX4G2GP0B540BJTI1N88","A1F5ND0R1ILGYK","Approved","2019-02-01T22:18:33Z","2019-02-01T22:35:39Z","politifact14840_5","3"
"3UYRNV2KITMX4G2GP0B540BJTI1N88","A1YSYI926BBOHW","Approved","2019-02-01T22:20:40Z","2019-02-01T22:35:39Z","politifact14840_1","0"
"3UYRNV2KITMX4G2GP0B540BJTI1N88","A1YSYI926BBOHW","Approved","2019-02-01T22:20:40Z","2019-02-01T22:35:39Z","politifact14840_2","0"
"3UYRNV2KITMX4G2GP0B540BJTI1N88","A1YSYI926BBOHW","Approved","2019-02-01T22:20:40Z","2019-02-01T22:35:39Z","politifact14840_3","0"
"3UYRNV2KITMX4G2GP0B540BJTI1N88","A1YSYI926BBOHW","Approved","2019-02-01T22:20:40Z","2019-02-01T22:35:39Z","politifact14840_4","0"
"3UYRNV2KITMX4G2GP0B540BJTI1N88","A1YSYI926BBOHW","Approved","2019-02-01T22:20:40Z","2019-02-01T22:35:39Z","politifact14840_5","0"
"3MVY4USGB6AN9Z6Y6I4IGJF3JDESIX","A1PUHCEBSOWETV","Approved","2019-02-01T22:08:14Z","2019-02-01T22:35:40Z","politifact15206_1","2"
"3MVY4USGB6AN9Z6Y6I4IGJF3JDESIX","A1PUHCEBSOWETV","Approved","2019-02-01T22:08:14Z","2019-02-01T22:35:40Z","politifact15206_2","4"
"3MVY4USGB6AN9Z6Y6I4IGJF3JDESIX","A1PUHCEBSOWETV","Approved","2019-02-01T22:08:14Z","2019-02-01T22:35:40Z","politifact15206_3","3"
"3MVY4USGB6AN9Z6Y6I4IGJF3JDESIX","A1PUHCEBSOWETV","Approved","2019-02-01T22:08:14Z","2019-02-01T22:35:40Z","politifact15206_4","2"
"3MVY4USGB6AN9Z6Y6I4IGJF3JDESIX","A1PUHCEBSOWETV","Approved","2019-02-01T22:08:14Z","2019-02-01T22:35:40Z","politifact15206_5","4"
"3MVY4USGB6AN9Z6Y6I4IGJF3JDESIX","A1IYHQPPOACU83","Approved","2019-02-01T22:19:55Z","2019-02-01T22:35:40Z","politifact15206_1","0"
"3MVY4USGB6AN9Z6Y6I4IGJF3JDESIX","A1IYHQPPOACU83","Approved","2019-02-01T22:19:55Z","2019-02-01T22:35:40Z","politifact15206_2","2"
"3MVY4USGB6AN9Z6Y6I4IGJF3JDESIX","A1IYHQPPOACU83","Approved","2019-02-01T22:19:55Z","2019-02-01T22:35:40Z","politifact15206_3","3"
"3MVY4USGB6AN9Z6Y6I4IGJF3JDESIX","A1IYHQPPOACU83","Approved","2019-02-01T22:19:55Z","2019-02-01T22:35:40Z","politifact15206_4","0"
"3MVY4USGB6AN9Z6Y6I4IGJF3JDESIX","A1IYHQPPOACU83","Approved","2019-02-01T22:19:55Z","2019-02-01T22:35:40Z","politifact15206_5","0"
"3MVY4USGB6AN9Z6Y6I4IGJF3JDESIX","A2RMJNF6IPI42F","Approved","2019-02-02T00:10:58Z","2019-02-02T05:42:02Z","politifact15206_1","0"
"3MVY4USGB6AN9Z6Y6I4IGJF3JDESIX","A2RMJNF6IPI42F","Approved","2019-02-02T00:10:58Z","2019-02-02T05:42:02Z","politifact15206_2","0"
"3MVY4USGB6AN9Z6Y6I4IGJF3JDESIX","A2RMJNF6IPI42F","Approved","2019-02-02T00:10:58Z","2019-02-02T05:42:02Z","politifact15206_3","0"
"3MVY4USGB6AN9Z6Y6I4IGJF3JDESIX","A2RMJNF6IPI42F","Approved","2019-02-02T00:10:58Z","2019-02-02T05:42:02Z","politifact15206_4","0"
"3MVY4USGB6AN9Z6Y6I4IGJF3JDESIX","A2RMJNF6IPI42F","Approved","2019-02-02T00:10:58Z","2019-02-02T05:42:02Z","politifact15206_5","0"
"341YLJU21IMU40P0C3PCP12ZLJFI2K","A1PUHCEBSOWETV","Approved","2019-02-01T22:09:56Z","2019-02-01T22:35:40Z","politifact13560_1","3"
"341YLJU21IMU40P0C3PCP12ZLJFI2K","A1PUHCEBSOWETV","Approved","2019-02-01T22:09:56Z","2019-02-01T22:35:40Z","politifact13560_2","2"
"341YLJU21IMU40P0C3PCP12ZLJFI2K","A1PUHCEBSOWETV","Approved","2019-02-01T22:09:56Z","2019-02-01T22:35:40Z","politifact13560_3","4"
"341YLJU21IMU40P0C3PCP12ZLJFI2K","A1PUHCEBSOWETV","Approved","2019-02-01T22:09:56Z","2019-02-01T22:35:40Z","politifact13560_4","4"
"341YLJU21IMU40P0C3PCP12ZLJFI2K","A1PUHCEBSOWETV","Approved","2019-02-01T22:09:56Z","2019-02-01T22:35:40Z","politifact13560_5","2"
"341YLJU21IMU40P0C3PCP12ZLJFI2K","A1YSYI926BBOHW","Approved","2019-02-01T22:27:58Z","2019-02-01T22:35:40Z","politifact13560_1","0"
"341YLJU21IMU40P0C3PCP12ZLJFI2K","A1YSYI926BBOHW","Approved","2019-02-01T22:27:58Z","2019-02-01T22:35:40Z","politifact13560_2","0"
"341YLJU21IMU40P0C3PCP12ZLJFI2K","A1YSYI926BBOHW","Approved","2019-02-01T22:27:58Z","2019-02-01T22:35:40Z","politifact13560_3","0"
"341YLJU21IMU40P0C3PCP12ZLJFI2K","A1YSYI926BBOHW","Approved","2019-02-01T22:27:58Z","2019-02-01T22:35:40Z","politifact13560_4","0"
"341YLJU21IMU40P0C3PCP12ZLJFI2K","A1YSYI926BBOHW","Approved","2019-02-01T22:27:58Z","2019-02-01T22:35:40Z","politifact13560_5","0"
"341YLJU21IMU40P0C3PCP12ZLJFI2K","A2RMJNF6IPI42F","Approved","2019-02-02T00:10:14Z","2019-02-02T05:42:02Z","politifact13560_1","3"
"341YLJU21IMU40P0C3PCP12ZLJFI2K","A2RMJNF6IPI42F","Approved","2019-02-02T00:10:14Z","2019-02-02T05:42:02Z","politifact13560_2","3"
"341YLJU21IMU40P0C3PCP12ZLJFI2K","A2RMJNF6IPI42F","Approved","2019-02-02T00:10:14Z","2019-02-02T05:42:02Z","politifact13560_3","3"
"341YLJU21IMU40P0C3PCP12ZLJFI2K","A2RMJNF6IPI42F","Approved","2019-02-02T00:10:14Z","2019-02-02T05:42:02Z","politifact13560_4","3"
"341YLJU21IMU40P0C3PCP12ZLJFI2K","A2RMJNF6IPI42F","Approved","2019-02-02T00:10:14Z","2019-02-02T05:42:02Z","politifact13560_5","3"
"35XW21VSVG1PZ0E4RL1V8Z7V0H8SLB","A1PUHCEBSOWETV","Approved","2019-02-01T22:06:58Z","2019-02-01T22:35:40Z","politifact14259_1","2"
"35XW21VSVG1PZ0E4RL1V8Z7V0H8SLB","A1PUHCEBSOWETV","Approved","2019-02-01T22:06:58Z","2019-02-01T22:35:40Z","politifact14259_2","3"
"35XW21VSVG1PZ0E4RL1V8Z7V0H8SLB","A1PUHCEBSOWETV","Approved","2019-02-01T22:06:58Z","2019-02-01T22:35:40Z","politifact14259_3","4"
"35XW21VSVG1PZ0E4RL1V8Z7V0H8SLB","A1PUHCEBSOWETV","Approved","2019-02-01T22:06:58Z","2019-02-01T22:35:40Z","politifact14259_4","2"
"35XW21VSVG1PZ0E4RL1V8Z7V0H8SLB","A1PUHCEBSOWETV","Approved","2019-02-01T22:06:58Z","2019-02-01T22:35:40Z","politifact14259_5","3"
"35XW21VSVG1PZ0E4RL1V8Z7V0H8SLB","A1YSYI926BBOHW","Approved","2019-02-01T22:25:24Z","2019-02-01T22:35:40Z","politifact14259_1","0"
"35XW21VSVG1PZ0E4RL1V8Z7V0H8SLB","A1YSYI926BBOHW","Approved","2019-02-01T22:25:24Z","2019-02-01T22:35:40Z","politifact14259_2","0"
"35XW21VSVG1PZ0E4RL1V8Z7V0H8SLB","A1YSYI926BBOHW","Approved","2019-02-01T22:25:24Z","2019-02-01T22:35:40Z","politifact14259_3","0"
"35XW21VSVG1PZ0E4RL1V8Z7V0H8SLB","A1YSYI926BBOHW","Approved","2019-02-01T22:25:24Z","2019-02-01T22:35:40Z","politifact14259_4","0"
"35XW21VSVG1PZ0E4RL1V8Z7V0H8SLB","A1YSYI926BBOHW","Approved","2019-02-01T22:25:24Z","2019-02-01T22:35:40Z","politifact14259_5","0"
"35XW21VSVG1PZ0E4RL1V8Z7V0H8SLB","A2RMJNF6IPI42F","Approved","2019-02-01T22:29:51Z","2019-02-01T22:35:40Z","politifact14259_1","0"
"35XW21VSVG1PZ0E4RL1V8Z7V0H8SLB","A2RMJNF6IPI42F","Approved","2019-02-01T22:29:51Z","2019-02-01T22:35:40Z","politifact14259_2","0"
"35XW21VSVG1PZ0E4RL1V8Z7V0H8SLB","A2RMJNF6IPI42F","Approved","2019-02-01T22:29:51Z","2019-02-01T22:35:40Z","politifact14259_3","2"
"35XW21VSVG1PZ0E4RL1V8Z7V0H8SLB","A2RMJNF6IPI42F","Approved","2019-02-01T22:29:51Z","2019-02-01T22:35:40Z","politifact14259_4","0"
"35XW21VSVG1PZ0E4RL1V8Z7V0H8SLB","A2RMJNF6IPI42F","Approved","2019-02-01T22:29:51Z","2019-02-01T22:35:40Z","politifact14259_5","3"
"3M93N4X8HKAJ4AQ4O0PISKU3WS3SJ9","A1PUHCEBSOWETV","Approved","2019-02-01T22:06:39Z","2019-02-01T22:35:41Z","politifact15534_1","3"
"3M93N4X8HKAJ4AQ4O0PISKU3WS3SJ9","A1PUHCEBSOWETV","Approved","2019-02-01T22:06:39Z","2019-02-01T22:35:41Z","politifact15534_2","4"
"3M93N4X8HKAJ4AQ4O0PISKU3WS3SJ9","A1PUHCEBSOWETV","Approved","2019-02-01T22:06:39Z","2019-02-01T22:35:41Z","politifact15534_3","3"
"3M93N4X8HKAJ4AQ4O0PISKU3WS3SJ9","A1PUHCEBSOWETV","Approved","2019-02-01T22:06:39Z","2019-02-01T22:35:41Z","politifact15534_4","4"
"3M93N4X8HKAJ4AQ4O0PISKU3WS3SJ9","A1PUHCEBSOWETV","Approved","2019-02-01T22:06:39Z","2019-02-01T22:35:41Z","politifact15534_5","3"
"3M93N4X8HKAJ4AQ4O0PISKU3WS3SJ9","A1ET2J1PIP0RGO","Approved","2019-02-01T22:16:54Z","2019-02-01T22:35:41Z","politifact15534_1","2"
"3M93N4X8HKAJ4AQ4O0PISKU3WS3SJ9","A1ET2J1PIP0RGO","Approved","2019-02-01T22:16:54Z","2019-02-01T22:35:41Z","politifact15534_2","4"
"3M93N4X8HKAJ4AQ4O0PISKU3WS3SJ9","A1ET2J1PIP0RGO","Approved","2019-02-01T22:16:54Z","2019-02-01T22:35:41Z","politifact15534_3","3"
"3M93N4X8HKAJ4AQ4O0PISKU3WS3SJ9","A1ET2J1PIP0RGO","Approved","2019-02-01T22:16:54Z","2019-02-01T22:35:41Z","politifact15534_4","0"
"3M93N4X8HKAJ4AQ4O0PISKU3WS3SJ9","A1ET2J1PIP0RGO","Approved","2019-02-01T22:16:54Z","2019-02-01T22:35:41Z","politifact15534_5","0"
"3M93N4X8HKAJ4AQ4O0PISKU3WS3SJ9","A1YSYI926BBOHW","Approved","2019-02-01T22:26:08Z","2019-02-01T22:35:41Z","politifact15534_1","0"
"3M93N4X8HKAJ4AQ4O0PISKU3WS3SJ9","A1YSYI926BBOHW","Approved","2019-02-01T22:26:08Z","2019-02-01T22:35:41Z","politifact15534_2","0"
"3M93N4X8HKAJ4AQ4O0PISKU3WS3SJ9","A1YSYI926BBOHW","Approved","2019-02-01T22:26:08Z","2019-02-01T22:35:41Z","politifact15534_3","0"
"3M93N4X8HKAJ4AQ4O0PISKU3WS3SJ9","A1YSYI926BBOHW","Approved","2019-02-01T22:26:08Z","2019-02-01T22:35:41Z","politifact15534_4","0"
"3M93N4X8HKAJ4AQ4O0PISKU3WS3SJ9","A1YSYI926BBOHW","Approved","2019-02-01T22:26:08Z","2019-02-01T22:35:41Z","politifact15534_5","0"
"3ZXV7Q5FJBBNSRFC8O8XYHYTHI0FCZ","A1PUHCEBSOWETV","Approved","2019-02-01T22:07:35Z","2019-02-01T22:35:41Z","politifact15540_1","2"
"3ZXV7Q5FJBBNSRFC8O8XYHYTHI0FCZ","A1PUHCEBSOWETV","Approved","2019-02-01T22:07:35Z","2019-02-01T22:35:41Z","politifact15540_2","4"
"3ZXV7Q5FJBBNSRFC8O8XYHYTHI0FCZ","A1PUHCEBSOWETV","Approved","2019-02-01T22:07:35Z","2019-02-01T22:35:41Z","politifact15540_3","3"
"3ZXV7Q5FJBBNSRFC8O8XYHYTHI0FCZ","A1PUHCEBSOWETV","Approved","2019-02-01T22:07:35Z","2019-02-01T22:35:41Z","politifact15540_4","3"
"3ZXV7Q5FJBBNSRFC8O8XYHYTHI0FCZ","A1PUHCEBSOWETV","Approved","2019-02-01T22:07:35Z","2019-02-01T22:35:41Z","politifact15540_5","4"
"3ZXV7Q5FJBBNSRFC8O8XYHYTHI0FCZ","A1YSYI926BBOHW","Approved","2019-02-01T22:21:10Z","2019-02-01T22:35:41Z","politifact15540_1","0"
"3ZXV7Q5FJBBNSRFC8O8XYHYTHI0FCZ","A1YSYI926BBOHW","Approved","2019-02-01T22:21:10Z","2019-02-01T22:35:41Z","politifact15540_2","0"
"3ZXV7Q5FJBBNSRFC8O8XYHYTHI0FCZ","A1YSYI926BBOHW","Approved","2019-02-01T22:21:10Z","2019-02-01T22:35:41Z","politifact15540_3","1"
"3ZXV7Q5FJBBNSRFC8O8XYHYTHI0FCZ","A1YSYI926BBOHW","Approved","2019-02-01T22:21:10Z","2019-02-01T22:35:41Z","politifact15540_4","0"
"3ZXV7Q5FJBBNSRFC8O8XYHYTHI0FCZ","A1YSYI926BBOHW","Approved","2019-02-01T22:21:10Z","2019-02-01T22:35:41Z","politifact15540_5","0"
"3ZXV7Q5FJBBNSRFC8O8XYHYTHI0FCZ","A2RMJNF6IPI42F","Approved","2019-02-02T00:10:50Z","2019-02-02T05:42:03Z","politifact15540_1","0"
"3ZXV7Q5FJBBNSRFC8O8XYHYTHI0FCZ","A2RMJNF6IPI42F","Approved","2019-02-02T00:10:50Z","2019-02-02T05:42:03Z","politifact15540_2","0"
"3ZXV7Q5FJBBNSRFC8O8XYHYTHI0FCZ","A2RMJNF6IPI42F","Approved","2019-02-02T00:10:50Z","2019-02-02T05:42:03Z","politifact15540_3","0"
"3ZXV7Q5FJBBNSRFC8O8XYHYTHI0FCZ","A2RMJNF6IPI42F","Approved","2019-02-02T00:10:50Z","2019-02-02T05:42:03Z","politifact15540_4","0"
"3ZXV7Q5FJBBNSRFC8O8XYHYTHI0FCZ","A2RMJNF6IPI42F","Approved","2019-02-02T00:10:50Z","2019-02-02T05:42:03Z","politifact15540_5","3"
"30EMX9PEVK6EFUWM6LPUTZUGBH3SK8","A1PUHCEBSOWETV","Approved","2019-02-01T22:09:09Z","2019-02-01T22:35:41Z","politifact14771_1","3"
"30EMX9PEVK6EFUWM6LPUTZUGBH3SK8","A1PUHCEBSOWETV","Approved","2019-02-01T22:09:09Z","2019-02-01T22:35:41Z","politifact14771_2","4"
"30EMX9PEVK6EFUWM6LPUTZUGBH3SK8","A1PUHCEBSOWETV","Approved","2019-02-01T22:09:09Z","2019-02-01T22:35:41Z","politifact14771_3","3"
"30EMX9PEVK6EFUWM6LPUTZUGBH3SK8","A1PUHCEBSOWETV","Approved","2019-02-01T22:09:09Z","2019-02-01T22:35:41Z","politifact14771_4","4"
"30EMX9PEVK6EFUWM6LPUTZUGBH3SK8","A1PUHCEBSOWETV","Approved","2019-02-01T22:09:09Z","2019-02-01T22:35:41Z","politifact14771_5","3"
"30EMX9PEVK6EFUWM6LPUTZUGBH3SK8","A2NYHVS7KXJ8CV","Approved","2019-02-01T22:12:05Z","2019-02-01T22:35:42Z","politifact14771_1","1"
"30EMX9PEVK6EFUWM6LPUTZUGBH3SK8","A2NYHVS7KXJ8CV","Approved","2019-02-01T22:12:05Z","2019-02-01T22:35:42Z","politifact14771_2","4"
"30EMX9PEVK6EFUWM6LPUTZUGBH3SK8","A2NYHVS7KXJ8CV","Approved","2019-02-01T22:12:05Z","2019-02-01T22:35:42Z","politifact14771_3","0"
"30EMX9PEVK6EFUWM6LPUTZUGBH3SK8","A2NYHVS7KXJ8CV","Approved","2019-02-01T22:12:05Z","2019-02-01T22:35:42Z","politifact14771_4","0"
"30EMX9PEVK6EFUWM6LPUTZUGBH3SK8","A2NYHVS7KXJ8CV","Approved","2019-02-01T22:12:05Z","2019-02-01T22:35:42Z","politifact14771_5","1"
"30EMX9PEVK6EFUWM6LPUTZUGBH3SK8","A1IYHQPPOACU83","Approved","2019-02-01T22:18:02Z","2019-02-01T22:35:42Z","politifact14771_1","1"
"30EMX9PEVK6EFUWM6LPUTZUGBH3SK8","A1IYHQPPOACU83","Approved","2019-02-01T22:18:02Z","2019-02-01T22:35:42Z","politifact14771_2","0"
"30EMX9PEVK6EFUWM6LPUTZUGBH3SK8","A1IYHQPPOACU83","Approved","2019-02-01T22:18:02Z","2019-02-01T22:35:42Z","politifact14771_3","0"
"30EMX9PEVK6EFUWM6LPUTZUGBH3SK8","A1IYHQPPOACU83","Approved","2019-02-01T22:18:02Z","2019-02-01T22:35:42Z","politifact14771_4","1"
"30EMX9PEVK6EFUWM6LPUTZUGBH3SK8","A1IYHQPPOACU83","Approved","2019-02-01T22:18:02Z","2019-02-01T22:35:42Z","politifact14771_5","3"
"3SMIWMMK61SLP7I7K43XWB6ZJLXWUO","AIHVLBHJROONN","Approved","2019-02-01T22:09:27Z","2019-02-01T22:35:42Z","politifact14311_1","0"
"3SMIWMMK61SLP7I7K43XWB6ZJLXWUO","AIHVLBHJROONN","Approved","2019-02-01T22:09:27Z","2019-02-01T22:35:42Z","politifact14311_2","0"
"3SMIWMMK61SLP7I7K43XWB6ZJLXWUO","AIHVLBHJROONN","Approved","2019-02-01T22:09:27Z","2019-02-01T22:35:42Z","politifact14311_3","0"
"3SMIWMMK61SLP7I7K43XWB6ZJLXWUO","AIHVLBHJROONN","Approved","2019-02-01T22:09:27Z","2019-02-01T22:35:42Z","politifact14311_4","0"
"3SMIWMMK61SLP7I7K43XWB6ZJLXWUO","AIHVLBHJROONN","Approved","2019-02-01T22:09:27Z","2019-02-01T22:35:42Z","politifact14311_5","0"
"3SMIWMMK61SLP7I7K43XWB6ZJLXWUO","A1PUHCEBSOWETV","Approved","2019-02-01T22:10:17Z","2019-02-01T22:35:42Z","politifact14311_1","2"
"3SMIWMMK61SLP7I7K43XWB6ZJLXWUO","A1PUHCEBSOWETV","Approved","2019-02-01T22:10:17Z","2019-02-01T22:35:42Z","politifact14311_2","4"
"3SMIWMMK61SLP7I7K43XWB6ZJLXWUO","A1PUHCEBSOWETV","Approved","2019-02-01T22:10:17Z","2019-02-01T22:35:42Z","politifact14311_3","3"
"3SMIWMMK61SLP7I7K43XWB6ZJLXWUO","A1PUHCEBSOWETV","Approved","2019-02-01T22:10:17Z","2019-02-01T22:35:42Z","politifact14311_4","2"
"3SMIWMMK61SLP7I7K43XWB6ZJLXWUO","A1PUHCEBSOWETV","Approved","2019-02-01T22:10:17Z","2019-02-01T22:35:42Z","politifact14311_5","4"
"3SMIWMMK61SLP7I7K43XWB6ZJLXWUO","A1YSYI926BBOHW","Approved","2019-02-01T22:19:49Z","2019-02-01T22:35:42Z","politifact14311_1","0"
"3SMIWMMK61SLP7I7K43XWB6ZJLXWUO","A1YSYI926BBOHW","Approved","2019-02-01T22:19:49Z","2019-02-01T22:35:42Z","politifact14311_2","0"
"3SMIWMMK61SLP7I7K43XWB6ZJLXWUO","A1YSYI926BBOHW","Approved","2019-02-01T22:19:49Z","2019-02-01T22:35:42Z","politifact14311_3","0"
"3SMIWMMK61SLP7I7K43XWB6ZJLXWUO","A1YSYI926BBOHW","Approved","2019-02-01T22:19:49Z","2019-02-01T22:35:42Z","politifact14311_4","0"
"3SMIWMMK61SLP7I7K43XWB6ZJLXWUO","A1YSYI926BBOHW","Approved","2019-02-01T22:19:49Z","2019-02-01T22:35:42Z","politifact14311_5","0"
"3HO4MYYR12BNVS31TMQTYH7MVJ4U6L","A2QZ0R3SS9SR8J","Approved","2019-02-01T22:06:21Z","2019-02-01T22:35:42Z","politifact14258_1","0"
"3HO4MYYR12BNVS31TMQTYH7MVJ4U6L","A2QZ0R3SS9SR8J","Approved","2019-02-01T22:06:21Z","2019-02-01T22:35:42Z","politifact14258_2","0"
"3HO4MYYR12BNVS31TMQTYH7MVJ4U6L","A2QZ0R3SS9SR8J","Approved","2019-02-01T22:06:21Z","2019-02-01T22:35:42Z","politifact14258_3","0"
"3HO4MYYR12BNVS31TMQTYH7MVJ4U6L","A2QZ0R3SS9SR8J","Approved","2019-02-01T22:06:21Z","2019-02-01T22:35:42Z","politifact14258_4","0"
"3HO4MYYR12BNVS31TMQTYH7MVJ4U6L","A2QZ0R3SS9SR8J","Approved","2019-02-01T22:06:21Z","2019-02-01T22:35:42Z","politifact14258_5","0"
"3HO4MYYR12BNVS31TMQTYH7MVJ4U6L","A1PUHCEBSOWETV","Approved","2019-02-01T22:08:23Z","2019-02-01T22:35:42Z","politifact14258_1","2"
"3HO4MYYR12BNVS31TMQTYH7MVJ4U6L","A1PUHCEBSOWETV","Approved","2019-02-01T22:08:23Z","2019-02-01T22:35:42Z","politifact14258_2","4"
"3HO4MYYR12BNVS31TMQTYH7MVJ4U6L","A1PUHCEBSOWETV","Approved","2019-02-01T22:08:23Z","2019-02-01T22:35:42Z","politifact14258_3","3"
"3HO4MYYR12BNVS31TMQTYH7MVJ4U6L","A1PUHCEBSOWETV","Approved","2019-02-01T22:08:23Z","2019-02-01T22:35:42Z","politifact14258_4","4"
"3HO4MYYR12BNVS31TMQTYH7MVJ4U6L","A1PUHCEBSOWETV","Approved","2019-02-01T22:08:23Z","2019-02-01T22:35:42Z","politifact14258_5","3"
"3HO4MYYR12BNVS31TMQTYH7MVJ4U6L","A2TBXASXZIRNNW","Approved","2019-02-01T22:12:01Z","2019-02-01T22:35:42Z","politifact14258_1","0"
"3HO4MYYR12BNVS31TMQTYH7MVJ4U6L","A2TBXASXZIRNNW","Approved","2019-02-01T22:12:01Z","2019-02-01T22:35:42Z","politifact14258_2","1"
"3HO4MYYR12BNVS31TMQTYH7MVJ4U6L","A2TBXASXZIRNNW","Approved","2019-02-01T22:12:01Z","2019-02-01T22:35:42Z","politifact14258_3","1"
"3HO4MYYR12BNVS31TMQTYH7MVJ4U6L","A2TBXASXZIRNNW","Approved","2019-02-01T22:12:01Z","2019-02-01T22:35:42Z","politifact14258_4","1"
"3HO4MYYR12BNVS31TMQTYH7MVJ4U6L","A2TBXASXZIRNNW","Approved","2019-02-01T22:12:01Z","2019-02-01T22:35:42Z","politifact14258_5","2"
"336OE47KI27L2M77PUD2SX8IXS6WVD","A1PUHCEBSOWETV","Approved","2019-02-01T22:07:41Z","2019-02-01T22:35:43Z","politifact15268_1","4"
"336OE47KI27L2M77PUD2SX8IXS6WVD","A1PUHCEBSOWETV","Approved","2019-02-01T22:07:41Z","2019-02-01T22:35:43Z","politifact15268_2","3"
"336OE47KI27L2M77PUD2SX8IXS6WVD","A1PUHCEBSOWETV","Approved","2019-02-01T22:07:41Z","2019-02-01T22:35:43Z","politifact15268_3","2"
"336OE47KI27L2M77PUD2SX8IXS6WVD","A1PUHCEBSOWETV","Approved","2019-02-01T22:07:41Z","2019-02-01T22:35:43Z","politifact15268_4","2"
"336OE47KI27L2M77PUD2SX8IXS6WVD","A1PUHCEBSOWETV","Approved","2019-02-01T22:07:41Z","2019-02-01T22:35:43Z","politifact15268_5","4"
"336OE47KI27L2M77PUD2SX8IXS6WVD","A2RMJNF6IPI42F","Approved","2019-02-01T22:27:20Z","2019-02-01T22:35:43Z","politifact15268_1","0"
"336OE47KI27L2M77PUD2SX8IXS6WVD","A2RMJNF6IPI42F","Approved","2019-02-01T22:27:20Z","2019-02-01T22:35:43Z","politifact15268_2","3"
"336OE47KI27L2M77PUD2SX8IXS6WVD","A2RMJNF6IPI42F","Approved","2019-02-01T22:27:20Z","2019-02-01T22:35:43Z","politifact15268_3","0"
"336OE47KI27L2M77PUD2SX8IXS6WVD","A2RMJNF6IPI42F","Approved","2019-02-01T22:27:20Z","2019-02-01T22:35:43Z","politifact15268_4","0"
"336OE47KI27L2M77PUD2SX8IXS6WVD","A2RMJNF6IPI42F","Approved","2019-02-01T22:27:20Z","2019-02-01T22:35:43Z","politifact15268_5","0"
"336OE47KI27L2M77PUD2SX8IXS6WVD","A369Q6VMEEEYKV","Approved","2019-02-02T00:07:48Z","2019-02-02T05:42:03Z","politifact15268_1","1"
"336OE47KI27L2M77PUD2SX8IXS6WVD","A369Q6VMEEEYKV","Approved","2019-02-02T00:07:48Z","2019-02-02T05:42:03Z","politifact15268_2","1"
"336OE47KI27L2M77PUD2SX8IXS6WVD","A369Q6VMEEEYKV","Approved","2019-02-02T00:07:48Z","2019-02-02T05:42:03Z","politifact15268_3","1"
"336OE47KI27L2M77PUD2SX8IXS6WVD","A369Q6VMEEEYKV","Approved","2019-02-02T00:07:48Z","2019-02-02T05:42:03Z","politifact15268_4","1"
"336OE47KI27L2M77PUD2SX8IXS6WVD","A369Q6VMEEEYKV","Approved","2019-02-02T00:07:48Z","2019-02-02T05:42:03Z","politifact15268_5","2"
"3G5RUKN2ECQXILLQUSHJ4W6UDOJN9X","A1PUHCEBSOWETV","Approved","2019-02-01T22:10:28Z","2019-02-01T22:35:43Z","politifact15187_1","2"
"3G5RUKN2ECQXILLQUSHJ4W6UDOJN9X","A1PUHCEBSOWETV","Approved","2019-02-01T22:10:28Z","2019-02-01T22:35:43Z","politifact15187_2","3"
"3G5RUKN2ECQXILLQUSHJ4W6UDOJN9X","A1PUHCEBSOWETV","Approved","2019-02-01T22:10:28Z","2019-02-01T22:35:43Z","politifact15187_3","4"
"3G5RUKN2ECQXILLQUSHJ4W6UDOJN9X","A1PUHCEBSOWETV","Approved","2019-02-01T22:10:28Z","2019-02-01T22:35:43Z","politifact15187_4","2"
"3G5RUKN2ECQXILLQUSHJ4W6UDOJN9X","A1PUHCEBSOWETV","Approved","2019-02-01T22:10:28Z","2019-02-01T22:35:43Z","politifact15187_5","4"
"3G5RUKN2ECQXILLQUSHJ4W6UDOJN9X","A1F5ND0R1ILGYK","Approved","2019-02-01T22:15:17Z","2019-02-01T22:35:43Z","politifact15187_1","0"
"3G5RUKN2ECQXILLQUSHJ4W6UDOJN9X","A1F5ND0R1ILGYK","Approved","2019-02-01T22:15:17Z","2019-02-01T22:35:43Z","politifact15187_2","0"
"3G5RUKN2ECQXILLQUSHJ4W6UDOJN9X","A1F5ND0R1ILGYK","Approved","2019-02-01T22:15:17Z","2019-02-01T22:35:43Z","politifact15187_3","0"
"3G5RUKN2ECQXILLQUSHJ4W6UDOJN9X","A1F5ND0R1ILGYK","Approved","2019-02-01T22:15:17Z","2019-02-01T22:35:43Z","politifact15187_4","0"
"3G5RUKN2ECQXILLQUSHJ4W6UDOJN9X","A1F5ND0R1ILGYK","Approved","2019-02-01T22:15:17Z","2019-02-01T22:35:43Z","politifact15187_5","1"
"3G5RUKN2ECQXILLQUSHJ4W6UDOJN9X","A1IYHQPPOACU83","Approved","2019-02-01T22:16:58Z","2019-02-01T22:35:43Z","politifact15187_1","0"
"3G5RUKN2ECQXILLQUSHJ4W6UDOJN9X","A1IYHQPPOACU83","Approved","2019-02-01T22:16:58Z","2019-02-01T22:35:43Z","politifact15187_2","0"
"3G5RUKN2ECQXILLQUSHJ4W6UDOJN9X","A1IYHQPPOACU83","Approved","2019-02-01T22:16:58Z","2019-02-01T22:35:43Z","politifact15187_3","0"
"3G5RUKN2ECQXILLQUSHJ4W6UDOJN9X","A1IYHQPPOACU83","Approved","2019-02-01T22:16:58Z","2019-02-01T22:35:43Z","politifact15187_4","3"
"3G5RUKN2ECQXILLQUSHJ4W6UDOJN9X","A1IYHQPPOACU83","Approved","2019-02-01T22:16:58Z","2019-02-01T22:35:43Z","politifact15187_5","4"
"3X52SWXE0XSP3D17YDIX25KTCLQCWU","A1PUHCEBSOWETV","Approved","2019-02-01T22:07:38Z","2019-02-01T22:35:43Z","politifact13677_1","3"
"3X52SWXE0XSP3D17YDIX25KTCLQCWU","A1PUHCEBSOWETV","Approved","2019-02-01T22:07:38Z","2019-02-01T22:35:43Z","politifact13677_2","4"
"3X52SWXE0XSP3D17YDIX25KTCLQCWU","A1PUHCEBSOWETV","Approved","2019-02-01T22:07:38Z","2019-02-01T22:35:43Z","politifact13677_3","2"
"3X52SWXE0XSP3D17YDIX25KTCLQCWU","A1PUHCEBSOWETV","Approved","2019-02-01T22:07:38Z","2019-02-01T22:35:43Z","politifact13677_4","3"
"3X52SWXE0XSP3D17YDIX25KTCLQCWU","A1PUHCEBSOWETV","Approved","2019-02-01T22:07:38Z","2019-02-01T22:35:43Z","politifact13677_5","2"
"3X52SWXE0XSP3D17YDIX25KTCLQCWU","A3F7XWCTV8DCVH","Approved","2019-02-01T22:17:58Z","2019-02-01T22:35:43Z","politifact13677_1","0"
"3X52SWXE0XSP3D17YDIX25KTCLQCWU","A3F7XWCTV8DCVH","Approved","2019-02-01T22:17:58Z","2019-02-01T22:35:43Z","politifact13677_2","1"
"3X52SWXE0XSP3D17YDIX25KTCLQCWU","A3F7XWCTV8DCVH","Approved","2019-02-01T22:17:58Z","2019-02-01T22:35:43Z","politifact13677_3","0"
"3X52SWXE0XSP3D17YDIX25KTCLQCWU","A3F7XWCTV8DCVH","Approved","2019-02-01T22:17:58Z","2019-02-01T22:35:43Z","politifact13677_4","0"
"3X52SWXE0XSP3D17YDIX25KTCLQCWU","A3F7XWCTV8DCVH","Approved","2019-02-01T22:17:58Z","2019-02-01T22:35:43Z","politifact13677_5","0"
"3X52SWXE0XSP3D17YDIX25KTCLQCWU","A2RMJNF6IPI42F","Approved","2019-02-01T22:27:31Z","2019-02-01T22:35:43Z","politifact13677_1","0"
"3X52SWXE0XSP3D17YDIX25KTCLQCWU","A2RMJNF6IPI42F","Approved","2019-02-01T22:27:31Z","2019-02-01T22:35:43Z","politifact13677_2","0"
"3X52SWXE0XSP3D17YDIX25KTCLQCWU","A2RMJNF6IPI42F","Approved","2019-02-01T22:27:31Z","2019-02-01T22:35:43Z","politifact13677_3","0"
"3X52SWXE0XSP3D17YDIX25KTCLQCWU","A2RMJNF6IPI42F","Approved","2019-02-01T22:27:31Z","2019-02-01T22:35:43Z","politifact13677_4","0"
"3X52SWXE0XSP3D17YDIX25KTCLQCWU","A2RMJNF6IPI42F","Approved","2019-02-01T22:27:31Z","2019-02-01T22:35:43Z","politifact13677_5","0"
"30QQTY5GMK76ZSH6CWVL4V7IQUOU7K","A1PUHCEBSOWETV","Approved","2019-02-01T22:08:00Z","2019-02-01T22:35:44Z","politifact15188_1","4"
"30QQTY5GMK76ZSH6CWVL4V7IQUOU7K","A1PUHCEBSOWETV","Approved","2019-02-01T22:08:00Z","2019-02-01T22:35:44Z","politifact15188_2","3"
"30QQTY5GMK76ZSH6CWVL4V7IQUOU7K","A1PUHCEBSOWETV","Approved","2019-02-01T22:08:00Z","2019-02-01T22:35:44Z","politifact15188_3","2"
"30QQTY5GMK76ZSH6CWVL4V7IQUOU7K","A1PUHCEBSOWETV","Approved","2019-02-01T22:08:00Z","2019-02-01T22:35:44Z","politifact15188_4","2"
"30QQTY5GMK76ZSH6CWVL4V7IQUOU7K","A1PUHCEBSOWETV","Approved","2019-02-01T22:08:00Z","2019-02-01T22:35:44Z","politifact15188_5","4"
"30QQTY5GMK76ZSH6CWVL4V7IQUOU7K","A1Z3JC2PW0L1NY","Approved","2019-02-01T22:11:26Z","2019-02-01T22:35:44Z","politifact15188_1","2"
"30QQTY5GMK76ZSH6CWVL4V7IQUOU7K","A1Z3JC2PW0L1NY","Approved","2019-02-01T22:11:26Z","2019-02-01T22:35:44Z","politifact15188_2","3"
"30QQTY5GMK76ZSH6CWVL4V7IQUOU7K","A1Z3JC2PW0L1NY","Approved","2019-02-01T22:11:26Z","2019-02-01T22:35:44Z","politifact15188_3","2"
"30QQTY5GMK76ZSH6CWVL4V7IQUOU7K","A1Z3JC2PW0L1NY","Approved","2019-02-01T22:11:26Z","2019-02-01T22:35:44Z","politifact15188_4","3"
"30QQTY5GMK76ZSH6CWVL4V7IQUOU7K","A1Z3JC2PW0L1NY","Approved","2019-02-01T22:11:26Z","2019-02-01T22:35:44Z","politifact15188_5","2"
"30QQTY5GMK76ZSH6CWVL4V7IQUOU7K","A1YSYI926BBOHW","Approved","2019-02-01T22:27:47Z","2019-02-01T22:35:44Z","politifact15188_1","0"
"30QQTY5GMK76ZSH6CWVL4V7IQUOU7K","A1YSYI926BBOHW","Approved","2019-02-01T22:27:47Z","2019-02-01T22:35:44Z","politifact15188_2","0"
"30QQTY5GMK76ZSH6CWVL4V7IQUOU7K","A1YSYI926BBOHW","Approved","2019-02-01T22:27:47Z","2019-02-01T22:35:44Z","politifact15188_3","0"
"30QQTY5GMK76ZSH6CWVL4V7IQUOU7K","A1YSYI926BBOHW","Approved","2019-02-01T22:27:47Z","2019-02-01T22:35:44Z","politifact15188_4","0"
"30QQTY5GMK76ZSH6CWVL4V7IQUOU7K","A1YSYI926BBOHW","Approved","2019-02-01T22:27:47Z","2019-02-01T22:35:44Z","politifact15188_5","0"
"3OQQD2WO8ITJPILJG33H8B7RRXFI3V","A1PUHCEBSOWETV","Approved","2019-02-01T22:09:59Z","2019-02-01T22:35:45Z","politifact14888_1","3"
"3OQQD2WO8ITJPILJG33H8B7RRXFI3V","A1PUHCEBSOWETV","Approved","2019-02-01T22:09:59Z","2019-02-01T22:35:45Z","politifact14888_2","4"
"3OQQD2WO8ITJPILJG33H8B7RRXFI3V","A1PUHCEBSOWETV","Approved","2019-02-01T22:09:59Z","2019-02-01T22:35:45Z","politifact14888_3","2"
"3OQQD2WO8ITJPILJG33H8B7RRXFI3V","A1PUHCEBSOWETV","Approved","2019-02-01T22:09:59Z","2019-02-01T22:35:45Z","politifact14888_4","2"
"3OQQD2WO8ITJPILJG33H8B7RRXFI3V","A1PUHCEBSOWETV","Approved","2019-02-01T22:09:59Z","2019-02-01T22:35:45Z","politifact14888_5","3"
"3OQQD2WO8ITJPILJG33H8B7RRXFI3V","A2RMJNF6IPI42F","Approved","2019-02-01T22:25:47Z","2019-02-01T22:35:45Z","politifact14888_1","0"
"3OQQD2WO8ITJPILJG33H8B7RRXFI3V","A2RMJNF6IPI42F","Approved","2019-02-01T22:25:47Z","2019-02-01T22:35:45Z","politifact14888_2","0"
"3OQQD2WO8ITJPILJG33H8B7RRXFI3V","A2RMJNF6IPI42F","Approved","2019-02-01T22:25:47Z","2019-02-01T22:35:45Z","politifact14888_3","0"
"3OQQD2WO8ITJPILJG33H8B7RRXFI3V","A2RMJNF6IPI42F","Approved","2019-02-01T22:25:47Z","2019-02-01T22:35:45Z","politifact14888_4","0"
"3OQQD2WO8ITJPILJG33H8B7RRXFI3V","A2RMJNF6IPI42F","Approved","2019-02-01T22:25:47Z","2019-02-01T22:35:45Z","politifact14888_5","0"
"3OQQD2WO8ITJPILJG33H8B7RRXFI3V","A0017268R9SKD8U2Y3F","Approved","2019-02-02T00:10:47Z","2019-02-02T05:42:04Z","politifact14888_1","0"
"3OQQD2WO8ITJPILJG33H8B7RRXFI3V","A0017268R9SKD8U2Y3F","Approved","2019-02-02T00:10:47Z","2019-02-02T05:42:04Z","politifact14888_2","0"
"3OQQD2WO8ITJPILJG33H8B7RRXFI3V","A0017268R9SKD8U2Y3F","Approved","2019-02-02T00:10:47Z","2019-02-02T05:42:04Z","politifact14888_3","0"
"3OQQD2WO8ITJPILJG33H8B7RRXFI3V","A0017268R9SKD8U2Y3F","Approved","2019-02-02T00:10:47Z","2019-02-02T05:42:04Z","politifact14888_4","0"
"3OQQD2WO8ITJPILJG33H8B7RRXFI3V","A0017268R9SKD8U2Y3F","Approved","2019-02-02T00:10:47Z","2019-02-02T05:42:04Z","politifact14888_5","0"
"3VADEH0UHCKFQLT2JDU2PGGF5R9PS6","A1PUHCEBSOWETV","Approved","2019-02-01T22:07:32Z","2019-02-01T22:35:45Z","politifact14309_1","3"
"3VADEH0UHCKFQLT2JDU2PGGF5R9PS6","A1PUHCEBSOWETV","Approved","2019-02-01T22:07:32Z","2019-02-01T22:35:45Z","politifact14309_2","4"
"3VADEH0UHCKFQLT2JDU2PGGF5R9PS6","A1PUHCEBSOWETV","Approved","2019-02-01T22:07:32Z","2019-02-01T22:35:45Z","politifact14309_3","2"
"3VADEH0UHCKFQLT2JDU2PGGF5R9PS6","A1PUHCEBSOWETV","Approved","2019-02-01T22:07:32Z","2019-02-01T22:35:45Z","politifact14309_4","2"
"3VADEH0UHCKFQLT2JDU2PGGF5R9PS6","A1PUHCEBSOWETV","Approved","2019-02-01T22:07:32Z","2019-02-01T22:35:45Z","politifact14309_5","4"
"3VADEH0UHCKFQLT2JDU2PGGF5R9PS6","A1Z3JC2PW0L1NY","Approved","2019-02-01T22:12:42Z","2019-02-01T22:35:45Z","politifact14309_1","1"
"3VADEH0UHCKFQLT2JDU2PGGF5R9PS6","A1Z3JC2PW0L1NY","Approved","2019-02-01T22:12:42Z","2019-02-01T22:35:45Z","politifact14309_2","0"
"3VADEH0UHCKFQLT2JDU2PGGF5R9PS6","A1Z3JC2PW0L1NY","Approved","2019-02-01T22:12:42Z","2019-02-01T22:35:45Z","politifact14309_3","3"
"3VADEH0UHCKFQLT2JDU2PGGF5R9PS6","A1Z3JC2PW0L1NY","Approved","2019-02-01T22:12:42Z","2019-02-01T22:35:45Z","politifact14309_4","3"
"3VADEH0UHCKFQLT2JDU2PGGF5R9PS6","A1Z3JC2PW0L1NY","Approved","2019-02-01T22:12:42Z","2019-02-01T22:35:45Z","politifact14309_5","2"
"3VADEH0UHCKFQLT2JDU2PGGF5R9PS6","A1YSYI926BBOHW","Approved","2019-02-01T22:26:31Z","2019-02-01T22:35:45Z","politifact14309_1","0"
"3VADEH0UHCKFQLT2JDU2PGGF5R9PS6","A1YSYI926BBOHW","Approved","2019-02-01T22:26:31Z","2019-02-01T22:35:45Z","politifact14309_2","0"
"3VADEH0UHCKFQLT2JDU2PGGF5R9PS6","A1YSYI926BBOHW","Approved","2019-02-01T22:26:31Z","2019-02-01T22:35:45Z","politifact14309_3","0"
"3VADEH0UHCKFQLT2JDU2PGGF5R9PS6","A1YSYI926BBOHW","Approved","2019-02-01T22:26:31Z","2019-02-01T22:35:45Z","politifact14309_4","0"
"3VADEH0UHCKFQLT2JDU2PGGF5R9PS6","A1YSYI926BBOHW","Approved","2019-02-01T22:26:31Z","2019-02-01T22:35:45Z","politifact14309_5","0"
"3R5OYNIC2CWG5L6H8DZSZLC17ANPTV","A3HL2LL0LEPZT8","Approved","2019-02-01T22:08:48Z","2019-02-01T22:35:45Z","politifact14755_1","0"
"3R5OYNIC2CWG5L6H8DZSZLC17ANPTV","A3HL2LL0LEPZT8","Approved","2019-02-01T22:08:48Z","2019-02-01T22:35:45Z","politifact14755_2","0"
"3R5OYNIC2CWG5L6H8DZSZLC17ANPTV","A3HL2LL0LEPZT8","Approved","2019-02-01T22:08:48Z","2019-02-01T22:35:45Z","politifact14755_3","0"
"3R5OYNIC2CWG5L6H8DZSZLC17ANPTV","A3HL2LL0LEPZT8","Approved","2019-02-01T22:08:48Z","2019-02-01T22:35:45Z","politifact14755_4","0"
"3R5OYNIC2CWG5L6H8DZSZLC17ANPTV","A3HL2LL0LEPZT8","Approved","2019-02-01T22:08:48Z","2019-02-01T22:35:45Z","politifact14755_5","4"
"3R5OYNIC2CWG5L6H8DZSZLC17ANPTV","A1PUHCEBSOWETV","Approved","2019-02-01T22:10:14Z","2019-02-01T22:35:45Z","politifact14755_1","4"
"3R5OYNIC2CWG5L6H8DZSZLC17ANPTV","A1PUHCEBSOWETV","Approved","2019-02-01T22:10:14Z","2019-02-01T22:35:45Z","politifact14755_2","2"
"3R5OYNIC2CWG5L6H8DZSZLC17ANPTV","A1PUHCEBSOWETV","Approved","2019-02-01T22:10:14Z","2019-02-01T22:35:45Z","politifact14755_3","3"
"3R5OYNIC2CWG5L6H8DZSZLC17ANPTV","A1PUHCEBSOWETV","Approved","2019-02-01T22:10:14Z","2019-02-01T22:35:45Z","politifact14755_4","4"
"3R5OYNIC2CWG5L6H8DZSZLC17ANPTV","A1PUHCEBSOWETV","Approved","2019-02-01T22:10:14Z","2019-02-01T22:35:45Z","politifact14755_5","2"
"3R5OYNIC2CWG5L6H8DZSZLC17ANPTV","A1YSYI926BBOHW","Approved","2019-02-01T22:25:43Z","2019-02-01T22:35:46Z","politifact14755_1","0"
"3R5OYNIC2CWG5L6H8DZSZLC17ANPTV","A1YSYI926BBOHW","Approved","2019-02-01T22:25:43Z","2019-02-01T22:35:46Z","politifact14755_2","0"
"3R5OYNIC2CWG5L6H8DZSZLC17ANPTV","A1YSYI926BBOHW","Approved","2019-02-01T22:25:43Z","2019-02-01T22:35:46Z","politifact14755_3","0"
"3R5OYNIC2CWG5L6H8DZSZLC17ANPTV","A1YSYI926BBOHW","Approved","2019-02-01T22:25:43Z","2019-02-01T22:35:46Z","politifact14755_4","0"
"3R5OYNIC2CWG5L6H8DZSZLC17ANPTV","A1YSYI926BBOHW","Approved","2019-02-01T22:25:43Z","2019-02-01T22:35:46Z","politifact14755_5","0"
"3QGTX7BCHPP8YNXXUQFWN381168Z5Z","A1PUHCEBSOWETV","Approved","2019-02-01T22:10:31Z","2019-02-01T22:35:46Z","politifact14756_1","2"
"3QGTX7BCHPP8YNXXUQFWN381168Z5Z","A1PUHCEBSOWETV","Approved","2019-02-01T22:10:31Z","2019-02-01T22:35:46Z","politifact14756_2","4"
"3QGTX7BCHPP8YNXXUQFWN381168Z5Z","A1PUHCEBSOWETV","Approved","2019-02-01T22:10:31Z","2019-02-01T22:35:46Z","politifact14756_3","3"
"3QGTX7BCHPP8YNXXUQFWN381168Z5Z","A1PUHCEBSOWETV","Approved","2019-02-01T22:10:31Z","2019-02-01T22:35:46Z","politifact14756_4","2"
"3QGTX7BCHPP8YNXXUQFWN381168Z5Z","A1PUHCEBSOWETV","Approved","2019-02-01T22:10:31Z","2019-02-01T22:35:46Z","politifact14756_5","3"
"3QGTX7BCHPP8YNXXUQFWN381168Z5Z","A1YSYI926BBOHW","Approved","2019-02-01T22:26:00Z","2019-02-01T22:35:46Z","politifact14756_1","0"
"3QGTX7BCHPP8YNXXUQFWN381168Z5Z","A1YSYI926BBOHW","Approved","2019-02-01T22:26:00Z","2019-02-01T22:35:46Z","politifact14756_2","0"
"3QGTX7BCHPP8YNXXUQFWN381168Z5Z","A1YSYI926BBOHW","Approved","2019-02-01T22:26:00Z","2019-02-01T22:35:46Z","politifact14756_3","0"
"3QGTX7BCHPP8YNXXUQFWN381168Z5Z","A1YSYI926BBOHW","Approved","2019-02-01T22:26:00Z","2019-02-01T22:35:46Z","politifact14756_4","0"
"3QGTX7BCHPP8YNXXUQFWN381168Z5Z","A1YSYI926BBOHW","Approved","2019-02-01T22:26:00Z","2019-02-01T22:35:46Z","politifact14756_5","1"
"3QGTX7BCHPP8YNXXUQFWN381168Z5Z","A2RMJNF6IPI42F","Approved","2019-02-02T00:11:44Z","2019-02-02T05:42:04Z","politifact14756_1","0"
"3QGTX7BCHPP8YNXXUQFWN381168Z5Z","A2RMJNF6IPI42F","Approved","2019-02-02T00:11:44Z","2019-02-02T05:42:04Z","politifact14756_2","0"
"3QGTX7BCHPP8YNXXUQFWN381168Z5Z","A2RMJNF6IPI42F","Approved","2019-02-02T00:11:44Z","2019-02-02T05:42:04Z","politifact14756_3","0"
"3QGTX7BCHPP8YNXXUQFWN381168Z5Z","A2RMJNF6IPI42F","Approved","2019-02-02T00:11:44Z","2019-02-02T05:42:04Z","politifact14756_4","0"
"3QGTX7BCHPP8YNXXUQFWN381168Z5Z","A2RMJNF6IPI42F","Approved","2019-02-02T00:11:44Z","2019-02-02T05:42:04Z","politifact14756_5","0"
"3N5YJ55YXGQBN4VVMYVJ0RHEJ61NAC","A1PUHCEBSOWETV","Approved","2019-02-01T22:07:10Z","2019-02-01T22:35:46Z","politifact15191_1","2"
"3N5YJ55YXGQBN4VVMYVJ0RHEJ61NAC","A1PUHCEBSOWETV","Approved","2019-02-01T22:07:10Z","2019-02-01T22:35:46Z","politifact15191_2","4"
"3N5YJ55YXGQBN4VVMYVJ0RHEJ61NAC","A1PUHCEBSOWETV","Approved","2019-02-01T22:07:10Z","2019-02-01T22:35:46Z","politifact15191_3","3"
"3N5YJ55YXGQBN4VVMYVJ0RHEJ61NAC","A1PUHCEBSOWETV","Approved","2019-02-01T22:07:10Z","2019-02-01T22:35:46Z","politifact15191_4","3"
"3N5YJ55YXGQBN4VVMYVJ0RHEJ61NAC","A1PUHCEBSOWETV","Approved","2019-02-01T22:07:10Z","2019-02-01T22:35:46Z","politifact15191_5","2"
"3N5YJ55YXGQBN4VVMYVJ0RHEJ61NAC","A13WYZ8AXD6ODX","Approved","2019-02-02T00:06:48Z","2019-02-02T05:42:04Z","politifact15191_1","2"
"3N5YJ55YXGQBN4VVMYVJ0RHEJ61NAC","A13WYZ8AXD6ODX","Approved","2019-02-02T00:06:48Z","2019-02-02T05:42:04Z","politifact15191_2","4"
"3N5YJ55YXGQBN4VVMYVJ0RHEJ61NAC","A13WYZ8AXD6ODX","Approved","2019-02-02T00:06:48Z","2019-02-02T05:42:04Z","politifact15191_3","4"
"3N5YJ55YXGQBN4VVMYVJ0RHEJ61NAC","A13WYZ8AXD6ODX","Approved","2019-02-02T00:06:48Z","2019-02-02T05:42:04Z","politifact15191_4","4"
"3N5YJ55YXGQBN4VVMYVJ0RHEJ61NAC","A13WYZ8AXD6ODX","Approved","2019-02-02T00:06:48Z","2019-02-02T05:42:04Z","politifact15191_5","4"
"3N5YJ55YXGQBN4VVMYVJ0RHEJ61NAC","A2RMJNF6IPI42F","Approved","2019-02-02T00:10:35Z","2019-02-02T05:42:04Z","politifact15191_1","0"
"3N5YJ55YXGQBN4VVMYVJ0RHEJ61NAC","A2RMJNF6IPI42F","Approved","2019-02-02T00:10:35Z","2019-02-02T05:42:04Z","politifact15191_2","0"
"3N5YJ55YXGQBN4VVMYVJ0RHEJ61NAC","A2RMJNF6IPI42F","Approved","2019-02-02T00:10:35Z","2019-02-02T05:42:04Z","politifact15191_3","0"
"3N5YJ55YXGQBN4VVMYVJ0RHEJ61NAC","A2RMJNF6IPI42F","Approved","2019-02-02T00:10:35Z","2019-02-02T05:42:04Z","politifact15191_4","0"
"3N5YJ55YXGQBN4VVMYVJ0RHEJ61NAC","A2RMJNF6IPI42F","Approved","2019-02-02T00:10:35Z","2019-02-02T05:42:04Z","politifact15191_5","0"
"3NC6WP7WJH7YHB7CF4IYEZRW418WWN","A1PUHCEBSOWETV","Approved","2019-02-01T22:06:52Z","2019-02-01T22:35:46Z","politifact14327_1","4"
"3NC6WP7WJH7YHB7CF4IYEZRW418WWN","A1PUHCEBSOWETV","Approved","2019-02-01T22:06:52Z","2019-02-01T22:35:46Z","politifact14327_2","3"
"3NC6WP7WJH7YHB7CF4IYEZRW418WWN","A1PUHCEBSOWETV","Approved","2019-02-01T22:06:52Z","2019-02-01T22:35:46Z","politifact14327_3","3"
"3NC6WP7WJH7YHB7CF4IYEZRW418WWN","A1PUHCEBSOWETV","Approved","2019-02-01T22:06:52Z","2019-02-01T22:35:46Z","politifact14327_4","4"
"3NC6WP7WJH7YHB7CF4IYEZRW418WWN","A1PUHCEBSOWETV","Approved","2019-02-01T22:06:52Z","2019-02-01T22:35:46Z","politifact14327_5","3"
"3NC6WP7WJH7YHB7CF4IYEZRW418WWN","A1YSYI926BBOHW","Approved","2019-02-01T22:25:13Z","2019-02-01T22:35:46Z","politifact14327_1","0"
"3NC6WP7WJH7YHB7CF4IYEZRW418WWN","A1YSYI926BBOHW","Approved","2019-02-01T22:25:13Z","2019-02-01T22:35:46Z","politifact14327_2","0"
"3NC6WP7WJH7YHB7CF4IYEZRW418WWN","A1YSYI926BBOHW","Approved","2019-02-01T22:25:13Z","2019-02-01T22:35:46Z","politifact14327_3","0"
"3NC6WP7WJH7YHB7CF4IYEZRW418WWN","A1YSYI926BBOHW","Approved","2019-02-01T22:25:13Z","2019-02-01T22:35:46Z","politifact14327_4","0"
"3NC6WP7WJH7YHB7CF4IYEZRW418WWN","A1YSYI926BBOHW","Approved","2019-02-01T22:25:13Z","2019-02-01T22:35:46Z","politifact14327_5","0"
"3NC6WP7WJH7YHB7CF4IYEZRW418WWN","A2RMJNF6IPI42F","Approved","2019-02-01T22:25:18Z","2019-02-01T22:35:46Z","politifact14327_1","3"
"3NC6WP7WJH7YHB7CF4IYEZRW418WWN","A2RMJNF6IPI42F","Approved","2019-02-01T22:25:18Z","2019-02-01T22:35:46Z","politifact14327_2","2"
"3NC6WP7WJH7YHB7CF4IYEZRW418WWN","A2RMJNF6IPI42F","Approved","2019-02-01T22:25:18Z","2019-02-01T22:35:46Z","politifact14327_3","0"
"3NC6WP7WJH7YHB7CF4IYEZRW418WWN","A2RMJNF6IPI42F","Approved","2019-02-01T22:25:18Z","2019-02-01T22:35:46Z","politifact14327_4","4"
"3NC6WP7WJH7YHB7CF4IYEZRW418WWN","A2RMJNF6IPI42F","Approved","2019-02-01T22:25:18Z","2019-02-01T22:35:46Z","politifact14327_5","2"
"3O71U79SRBC95IWPRX2A8CMK0MYSMD","A1PUHCEBSOWETV","Approved","2019-02-01T22:07:13Z","2019-02-01T22:35:47Z","politifact15108_1","2"
"3O71U79SRBC95IWPRX2A8CMK0MYSMD","A1PUHCEBSOWETV","Approved","2019-02-01T22:07:13Z","2019-02-01T22:35:47Z","politifact15108_2","4"
"3O71U79SRBC95IWPRX2A8CMK0MYSMD","A1PUHCEBSOWETV","Approved","2019-02-01T22:07:13Z","2019-02-01T22:35:47Z","politifact15108_3","3"
"3O71U79SRBC95IWPRX2A8CMK0MYSMD","A1PUHCEBSOWETV","Approved","2019-02-01T22:07:13Z","2019-02-01T22:35:47Z","politifact15108_4","2"
"3O71U79SRBC95IWPRX2A8CMK0MYSMD","A1PUHCEBSOWETV","Approved","2019-02-01T22:07:13Z","2019-02-01T22:35:47Z","politifact15108_5","3"
"3O71U79SRBC95IWPRX2A8CMK0MYSMD","A1F5ND0R1ILGYK","Approved","2019-02-01T22:20:18Z","2019-02-01T22:35:47Z","politifact15108_1","2"
"3O71U79SRBC95IWPRX2A8CMK0MYSMD","A1F5ND0R1ILGYK","Approved","2019-02-01T22:20:18Z","2019-02-01T22:35:47Z","politifact15108_2","0"
"3O71U79SRBC95IWPRX2A8CMK0MYSMD","A1F5ND0R1ILGYK","Approved","2019-02-01T22:20:18Z","2019-02-01T22:35:47Z","politifact15108_3","0"
"3O71U79SRBC95IWPRX2A8CMK0MYSMD","A1F5ND0R1ILGYK","Approved","2019-02-01T22:20:18Z","2019-02-01T22:35:47Z","politifact15108_4","4"
"3O71U79SRBC95IWPRX2A8CMK0MYSMD","A1F5ND0R1ILGYK","Approved","2019-02-01T22:20:18Z","2019-02-01T22:35:47Z","politifact15108_5","0"
"3O71U79SRBC95IWPRX2A8CMK0MYSMD","A1IYHQPPOACU83","Approved","2019-02-01T22:20:54Z","2019-02-01T22:35:47Z","politifact15108_1","0"
"3O71U79SRBC95IWPRX2A8CMK0MYSMD","A1IYHQPPOACU83","Approved","2019-02-01T22:20:54Z","2019-02-01T22:35:47Z","politifact15108_2","0"
"3O71U79SRBC95IWPRX2A8CMK0MYSMD","A1IYHQPPOACU83","Approved","2019-02-01T22:20:54Z","2019-02-01T22:35:47Z","politifact15108_3","2"
"3O71U79SRBC95IWPRX2A8CMK0MYSMD","A1IYHQPPOACU83","Approved","2019-02-01T22:20:54Z","2019-02-01T22:35:47Z","politifact15108_4","3"
"3O71U79SRBC95IWPRX2A8CMK0MYSMD","A1IYHQPPOACU83","Approved","2019-02-01T22:20:54Z","2019-02-01T22:35:47Z","politifact15108_5","0"
"3J6BHNX0U9FHZH4HYP88U5KAOIVKNO","A1PUHCEBSOWETV","Approved","2019-02-01T22:09:53Z","2019-02-01T22:35:47Z","politifact15494_1","2"
"3J6BHNX0U9FHZH4HYP88U5KAOIVKNO","A1PUHCEBSOWETV","Approved","2019-02-01T22:09:53Z","2019-02-01T22:35:47Z","politifact15494_2","4"
"3J6BHNX0U9FHZH4HYP88U5KAOIVKNO","A1PUHCEBSOWETV","Approved","2019-02-01T22:09:53Z","2019-02-01T22:35:47Z","politifact15494_3","3"
"3J6BHNX0U9FHZH4HYP88U5KAOIVKNO","A1PUHCEBSOWETV","Approved","2019-02-01T22:09:53Z","2019-02-01T22:35:47Z","politifact15494_4","2"
"3J6BHNX0U9FHZH4HYP88U5KAOIVKNO","A1PUHCEBSOWETV","Approved","2019-02-01T22:09:53Z","2019-02-01T22:35:47Z","politifact15494_5","4"
"3J6BHNX0U9FHZH4HYP88U5KAOIVKNO","A1KXG7W711GZDJ","Approved","2019-02-01T22:11:29Z","2019-02-01T22:35:47Z","politifact15494_1","2"
"3J6BHNX0U9FHZH4HYP88U5KAOIVKNO","A1KXG7W711GZDJ","Approved","2019-02-01T22:11:29Z","2019-02-01T22:35:47Z","politifact15494_2","2"
"3J6BHNX0U9FHZH4HYP88U5KAOIVKNO","A1KXG7W711GZDJ","Approved","2019-02-01T22:11:29Z","2019-02-01T22:35:47Z","politifact15494_3","1"
"3J6BHNX0U9FHZH4HYP88U5KAOIVKNO","A1KXG7W711GZDJ","Approved","2019-02-01T22:11:29Z","2019-02-01T22:35:47Z","politifact15494_4","2"
"3J6BHNX0U9FHZH4HYP88U5KAOIVKNO","A1KXG7W711GZDJ","Approved","2019-02-01T22:11:29Z","2019-02-01T22:35:47Z","politifact15494_5","2"
"3J6BHNX0U9FHZH4HYP88U5KAOIVKNO","A3MPQ78J05KKUI","Approved","2019-02-02T00:04:49Z","2019-02-02T05:42:04Z","politifact15494_1","2"
"3J6BHNX0U9FHZH4HYP88U5KAOIVKNO","A3MPQ78J05KKUI","Approved","2019-02-02T00:04:49Z","2019-02-02T05:42:04Z","politifact15494_2","1"
"3J6BHNX0U9FHZH4HYP88U5KAOIVKNO","A3MPQ78J05KKUI","Approved","2019-02-02T00:04:49Z","2019-02-02T05:42:04Z","politifact15494_3","3"
"3J6BHNX0U9FHZH4HYP88U5KAOIVKNO","A3MPQ78J05KKUI","Approved","2019-02-02T00:04:49Z","2019-02-02T05:42:04Z","politifact15494_4","0"
"3J6BHNX0U9FHZH4HYP88U5KAOIVKNO","A3MPQ78J05KKUI","Approved","2019-02-02T00:04:49Z","2019-02-02T05:42:04Z","politifact15494_5","2"
"3DIIW4IV8PI47E4NGH80IGZX5XBI4G","A1PUHCEBSOWETV","Approved","2019-02-01T22:08:32Z","2019-02-01T22:35:47Z","politifact15401_1","2"
"3DIIW4IV8PI47E4NGH80IGZX5XBI4G","A1PUHCEBSOWETV","Approved","2019-02-01T22:08:32Z","2019-02-01T22:35:47Z","politifact15401_2","3"
"3DIIW4IV8PI47E4NGH80IGZX5XBI4G","A1PUHCEBSOWETV","Approved","2019-02-01T22:08:32Z","2019-02-01T22:35:47Z","politifact15401_3","4"
"3DIIW4IV8PI47E4NGH80IGZX5XBI4G","A1PUHCEBSOWETV","Approved","2019-02-01T22:08:32Z","2019-02-01T22:35:47Z","politifact15401_4","4"
"3DIIW4IV8PI47E4NGH80IGZX5XBI4G","A1PUHCEBSOWETV","Approved","2019-02-01T22:08:32Z","2019-02-01T22:35:47Z","politifact15401_5","2"
"3DIIW4IV8PI47E4NGH80IGZX5XBI4G","ALUKD738FTTZW","Approved","2019-02-01T22:22:52Z","2019-02-01T22:35:47Z","politifact15401_1","0"
"3DIIW4IV8PI47E4NGH80IGZX5XBI4G","ALUKD738FTTZW","Approved","2019-02-01T22:22:52Z","2019-02-01T22:35:47Z","politifact15401_2","0"
"3DIIW4IV8PI47E4NGH80IGZX5XBI4G","ALUKD738FTTZW","Approved","2019-02-01T22:22:52Z","2019-02-01T22:35:47Z","politifact15401_3","1"
"3DIIW4IV8PI47E4NGH80IGZX5XBI4G","ALUKD738FTTZW","Approved","2019-02-01T22:22:52Z","2019-02-01T22:35:47Z","politifact15401_4","0"
"3DIIW4IV8PI47E4NGH80IGZX5XBI4G","ALUKD738FTTZW","Approved","2019-02-01T22:22:52Z","2019-02-01T22:35:47Z","politifact15401_5","0"
"3DIIW4IV8PI47E4NGH80IGZX5XBI4G","A2RMJNF6IPI42F","Approved","2019-02-02T00:11:22Z","2019-02-02T05:42:05Z","politifact15401_1","0"
"3DIIW4IV8PI47E4NGH80IGZX5XBI4G","A2RMJNF6IPI42F","Approved","2019-02-02T00:11:22Z","2019-02-02T05:42:05Z","politifact15401_2","0"
"3DIIW4IV8PI47E4NGH80IGZX5XBI4G","A2RMJNF6IPI42F","Approved","2019-02-02T00:11:22Z","2019-02-02T05:42:05Z","politifact15401_3","0"
"3DIIW4IV8PI47E4NGH80IGZX5XBI4G","A2RMJNF6IPI42F","Approved","2019-02-02T00:11:22Z","2019-02-02T05:42:05Z","politifact15401_4","0"
"3DIIW4IV8PI47E4NGH80IGZX5XBI4G","A2RMJNF6IPI42F","Approved","2019-02-02T00:11:22Z","2019-02-02T05:42:05Z","politifact15401_5","0"
"3OYHVNTV5TLZH24TZ48L9UKFES0KO3","A1PUHCEBSOWETV","Approved","2019-02-01T22:06:44Z","2019-02-01T22:35:48Z","politifact15205_1","3"
"3OYHVNTV5TLZH24TZ48L9UKFES0KO3","A1PUHCEBSOWETV","Approved","2019-02-01T22:06:44Z","2019-02-01T22:35:48Z","politifact15205_2","4"
"3OYHVNTV5TLZH24TZ48L9UKFES0KO3","A1PUHCEBSOWETV","Approved","2019-02-01T22:06:44Z","2019-02-01T22:35:48Z","politifact15205_3","4"
"3OYHVNTV5TLZH24TZ48L9UKFES0KO3","A1PUHCEBSOWETV","Approved","2019-02-01T22:06:44Z","2019-02-01T22:35:48Z","politifact15205_4","3"
"3OYHVNTV5TLZH24TZ48L9UKFES0KO3","A1PUHCEBSOWETV","Approved","2019-02-01T22:06:44Z","2019-02-01T22:35:48Z","politifact15205_5","3"
"3OYHVNTV5TLZH24TZ48L9UKFES0KO3","A1WEANONK1D0FD","Approved","2019-02-01T22:28:38Z","2019-02-01T22:35:48Z","politifact15205_1","0"
"3OYHVNTV5TLZH24TZ48L9UKFES0KO3","A1WEANONK1D0FD","Approved","2019-02-01T22:28:38Z","2019-02-01T22:35:48Z","politifact15205_2","0"
"3OYHVNTV5TLZH24TZ48L9UKFES0KO3","A1WEANONK1D0FD","Approved","2019-02-01T22:28:38Z","2019-02-01T22:35:48Z","politifact15205_3","4"
"3OYHVNTV5TLZH24TZ48L9UKFES0KO3","A1WEANONK1D0FD","Approved","2019-02-01T22:28:38Z","2019-02-01T22:35:48Z","politifact15205_4","2"
"3OYHVNTV5TLZH24TZ48L9UKFES0KO3","A1WEANONK1D0FD","Approved","2019-02-01T22:28:38Z","2019-02-01T22:35:48Z","politifact15205_5","0"
"3OYHVNTV5TLZH24TZ48L9UKFES0KO3","A2RMJNF6IPI42F","Approved","2019-02-02T00:10:25Z","2019-02-02T05:42:05Z","politifact15205_1","0"
"3OYHVNTV5TLZH24TZ48L9UKFES0KO3","A2RMJNF6IPI42F","Approved","2019-02-02T00:10:25Z","2019-02-02T05:42:05Z","politifact15205_2","0"
"3OYHVNTV5TLZH24TZ48L9UKFES0KO3","A2RMJNF6IPI42F","Approved","2019-02-02T00:10:25Z","2019-02-02T05:42:05Z","politifact15205_3","0"
"3OYHVNTV5TLZH24TZ48L9UKFES0KO3","A2RMJNF6IPI42F","Approved","2019-02-02T00:10:25Z","2019-02-02T05:42:05Z","politifact15205_4","0"
"3OYHVNTV5TLZH24TZ48L9UKFES0KO3","A2RMJNF6IPI42F","Approved","2019-02-02T00:10:25Z","2019-02-02T05:42:05Z","politifact15205_5","0"
"3NCN4N1H1G4G6E0NSCVFV21K1OMNB7","A1PUHCEBSOWETV","Approved","2019-02-01T22:07:26Z","2019-02-01T22:35:48Z","politifact15217_1","3"
"3NCN4N1H1G4G6E0NSCVFV21K1OMNB7","A1PUHCEBSOWETV","Approved","2019-02-01T22:07:26Z","2019-02-01T22:35:48Z","politifact15217_2","4"
"3NCN4N1H1G4G6E0NSCVFV21K1OMNB7","A1PUHCEBSOWETV","Approved","2019-02-01T22:07:26Z","2019-02-01T22:35:48Z","politifact15217_3","2"
"3NCN4N1H1G4G6E0NSCVFV21K1OMNB7","A1PUHCEBSOWETV","Approved","2019-02-01T22:07:26Z","2019-02-01T22:35:48Z","politifact15217_4","2"
"3NCN4N1H1G4G6E0NSCVFV21K1OMNB7","A1PUHCEBSOWETV","Approved","2019-02-01T22:07:26Z","2019-02-01T22:35:48Z","politifact15217_5","4"
"3NCN4N1H1G4G6E0NSCVFV21K1OMNB7","A1XHJZQOOT8S7K","Approved","2019-02-01T22:22:42Z","2019-02-01T22:35:48Z","politifact15217_1","0"
"3NCN4N1H1G4G6E0NSCVFV21K1OMNB7","A1XHJZQOOT8S7K","Approved","2019-02-01T22:22:42Z","2019-02-01T22:35:48Z","politifact15217_2","0"
"3NCN4N1H1G4G6E0NSCVFV21K1OMNB7","A1XHJZQOOT8S7K","Approved","2019-02-01T22:22:42Z","2019-02-01T22:35:48Z","politifact15217_3","0"
"3NCN4N1H1G4G6E0NSCVFV21K1OMNB7","A1XHJZQOOT8S7K","Approved","2019-02-01T22:22:42Z","2019-02-01T22:35:48Z","politifact15217_4","0"
"3NCN4N1H1G4G6E0NSCVFV21K1OMNB7","A1XHJZQOOT8S7K","Approved","2019-02-01T22:22:42Z","2019-02-01T22:35:48Z","politifact15217_5","0"
"3NCN4N1H1G4G6E0NSCVFV21K1OMNB7","A1DCKRRPA4AWVD","Approved","2019-02-02T01:49:40Z","2019-02-02T05:42:06Z","politifact15217_1","0"
"3NCN4N1H1G4G6E0NSCVFV21K1OMNB7","A1DCKRRPA4AWVD","Approved","2019-02-02T01:49:40Z","2019-02-02T05:42:06Z","politifact15217_2","0"
"3NCN4N1H1G4G6E0NSCVFV21K1OMNB7","A1DCKRRPA4AWVD","Approved","2019-02-02T01:49:40Z","2019-02-02T05:42:06Z","politifact15217_3","0"
"3NCN4N1H1G4G6E0NSCVFV21K1OMNB7","A1DCKRRPA4AWVD","Approved","2019-02-02T01:49:40Z","2019-02-02T05:42:06Z","politifact15217_4","0"
"3NCN4N1H1G4G6E0NSCVFV21K1OMNB7","A1DCKRRPA4AWVD","Approved","2019-02-02T01:49:40Z","2019-02-02T05:42:06Z","politifact15217_5","1"
"3U18MJKL1U9ZGJST6CRA6M72J9MNCE","A1PUHCEBSOWETV","Approved","2019-02-01T22:07:07Z","2019-02-01T22:35:48Z","politifact15570_1","2"
"3U18MJKL1U9ZGJST6CRA6M72J9MNCE","A1PUHCEBSOWETV","Approved","2019-02-01T22:07:07Z","2019-02-01T22:35:48Z","politifact15570_2","2"
"3U18MJKL1U9ZGJST6CRA6M72J9MNCE","A1PUHCEBSOWETV","Approved","2019-02-01T22:07:07Z","2019-02-01T22:35:48Z","politifact15570_3","3"
"3U18MJKL1U9ZGJST6CRA6M72J9MNCE","A1PUHCEBSOWETV","Approved","2019-02-01T22:07:07Z","2019-02-01T22:35:48Z","politifact15570_4","4"
"3U18MJKL1U9ZGJST6CRA6M72J9MNCE","A1PUHCEBSOWETV","Approved","2019-02-01T22:07:07Z","2019-02-01T22:35:48Z","politifact15570_5","3"
"3U18MJKL1U9ZGJST6CRA6M72J9MNCE","A1F5ND0R1ILGYK","Approved","2019-02-01T22:16:44Z","2019-02-01T22:35:48Z","politifact15570_1","0"
"3U18MJKL1U9ZGJST6CRA6M72J9MNCE","A1F5ND0R1ILGYK","Approved","2019-02-01T22:16:44Z","2019-02-01T22:35:48Z","politifact15570_2","0"
"3U18MJKL1U9ZGJST6CRA6M72J9MNCE","A1F5ND0R1ILGYK","Approved","2019-02-01T22:16:44Z","2019-02-01T22:35:48Z","politifact15570_3","0"
"3U18MJKL1U9ZGJST6CRA6M72J9MNCE","A1F5ND0R1ILGYK","Approved","2019-02-01T22:16:44Z","2019-02-01T22:35:48Z","politifact15570_4","0"
"3U18MJKL1U9ZGJST6CRA6M72J9MNCE","A1F5ND0R1ILGYK","Approved","2019-02-01T22:16:44Z","2019-02-01T22:35:48Z","politifact15570_5","0"
"3U18MJKL1U9ZGJST6CRA6M72J9MNCE","A2RMJNF6IPI42F","Approved","2019-02-02T00:09:36Z","2019-02-02T05:42:06Z","politifact15570_1","0"
"3U18MJKL1U9ZGJST6CRA6M72J9MNCE","A2RMJNF6IPI42F","Approved","2019-02-02T00:09:36Z","2019-02-02T05:42:06Z","politifact15570_2","0"
"3U18MJKL1U9ZGJST6CRA6M72J9MNCE","A2RMJNF6IPI42F","Approved","2019-02-02T00:09:36Z","2019-02-02T05:42:06Z","politifact15570_3","0"
"3U18MJKL1U9ZGJST6CRA6M72J9MNCE","A2RMJNF6IPI42F","Approved","2019-02-02T00:09:36Z","2019-02-02T05:42:06Z","politifact15570_4","0"
"3U18MJKL1U9ZGJST6CRA6M72J9MNCE","A2RMJNF6IPI42F","Approved","2019-02-02T00:09:36Z","2019-02-02T05:42:06Z","politifact15570_5","0"
"3OJX0UFJ0ZUADB5ZRTT5IRYOLKCU9W","A1PUHCEBSOWETV","Approved","2019-02-01T22:10:35Z","2019-02-01T22:35:48Z","politifact15201_1","2"
"3OJX0UFJ0ZUADB5ZRTT5IRYOLKCU9W","A1PUHCEBSOWETV","Approved","2019-02-01T22:10:35Z","2019-02-01T22:35:48Z","politifact15201_2","4"
"3OJX0UFJ0ZUADB5ZRTT5IRYOLKCU9W","A1PUHCEBSOWETV","Approved","2019-02-01T22:10:35Z","2019-02-01T22:35:48Z","politifact15201_3","3"
"3OJX0UFJ0ZUADB5ZRTT5IRYOLKCU9W","A1PUHCEBSOWETV","Approved","2019-02-01T22:10:35Z","2019-02-01T22:35:48Z","politifact15201_4","4"
"3OJX0UFJ0ZUADB5ZRTT5IRYOLKCU9W","A1PUHCEBSOWETV","Approved","2019-02-01T22:10:35Z","2019-02-01T22:35:48Z","politifact15201_5","2"
"3OJX0UFJ0ZUADB5ZRTT5IRYOLKCU9W","A1IYHQPPOACU83","Approved","2019-02-01T22:12:58Z","2019-02-01T22:35:49Z","politifact15201_1","3"
"3OJX0UFJ0ZUADB5ZRTT5IRYOLKCU9W","A1IYHQPPOACU83","Approved","2019-02-01T22:12:58Z","2019-02-01T22:35:49Z","politifact15201_2","0"
"3OJX0UFJ0ZUADB5ZRTT5IRYOLKCU9W","A1IYHQPPOACU83","Approved","2019-02-01T22:12:58Z","2019-02-01T22:35:49Z","politifact15201_3","1"
"3OJX0UFJ0ZUADB5ZRTT5IRYOLKCU9W","A1IYHQPPOACU83","Approved","2019-02-01T22:12:58Z","2019-02-01T22:35:49Z","politifact15201_4","0"
"3OJX0UFJ0ZUADB5ZRTT5IRYOLKCU9W","A1IYHQPPOACU83","Approved","2019-02-01T22:12:58Z","2019-02-01T22:35:49Z","politifact15201_5","3"
"3OJX0UFJ0ZUADB5ZRTT5IRYOLKCU9W","A1GL5AQV7VT91U","Approved","2019-02-02T00:03:28Z","2019-02-02T05:42:06Z","politifact15201_1","0"
"3OJX0UFJ0ZUADB5ZRTT5IRYOLKCU9W","A1GL5AQV7VT91U","Approved","2019-02-02T00:03:28Z","2019-02-02T05:42:06Z","politifact15201_2","0"
"3OJX0UFJ0ZUADB5ZRTT5IRYOLKCU9W","A1GL5AQV7VT91U","Approved","2019-02-02T00:03:28Z","2019-02-02T05:42:06Z","politifact15201_3","2"
"3OJX0UFJ0ZUADB5ZRTT5IRYOLKCU9W","A1GL5AQV7VT91U","Approved","2019-02-02T00:03:28Z","2019-02-02T05:42:06Z","politifact15201_4","1"
"3OJX0UFJ0ZUADB5ZRTT5IRYOLKCU9W","A1GL5AQV7VT91U","Approved","2019-02-02T00:03:28Z","2019-02-02T05:42:06Z","politifact15201_5","3"
"32CXT5U14GQAZ6MPM1NRIV3D1EUU87","A1PUHCEBSOWETV","Approved","2019-02-01T22:11:32Z","2019-02-01T22:35:49Z","politifact13711_1","0"
"32CXT5U14GQAZ6MPM1NRIV3D1EUU87","A1PUHCEBSOWETV","Approved","2019-02-01T22:11:32Z","2019-02-01T22:35:49Z","politifact13711_2","4"
"32CXT5U14GQAZ6MPM1NRIV3D1EUU87","A1PUHCEBSOWETV","Approved","2019-02-01T22:11:32Z","2019-02-01T22:35:49Z","politifact13711_3","4"
"32CXT5U14GQAZ6MPM1NRIV3D1EUU87","A1PUHCEBSOWETV","Approved","2019-02-01T22:11:32Z","2019-02-01T22:35:49Z","politifact13711_4","0"
"32CXT5U14GQAZ6MPM1NRIV3D1EUU87","A1PUHCEBSOWETV","Approved","2019-02-01T22:11:32Z","2019-02-01T22:35:49Z","politifact13711_5","2"
"32CXT5U14GQAZ6MPM1NRIV3D1EUU87","A2RMJNF6IPI42F","Approved","2019-02-01T22:27:04Z","2019-02-01T22:35:49Z","politifact13711_1","0"
"32CXT5U14GQAZ6MPM1NRIV3D1EUU87","A2RMJNF6IPI42F","Approved","2019-02-01T22:27:04Z","2019-02-01T22:35:49Z","politifact13711_2","0"
"32CXT5U14GQAZ6MPM1NRIV3D1EUU87","A2RMJNF6IPI42F","Approved","2019-02-01T22:27:04Z","2019-02-01T22:35:49Z","politifact13711_3","0"
"32CXT5U14GQAZ6MPM1NRIV3D1EUU87","A2RMJNF6IPI42F","Approved","2019-02-01T22:27:04Z","2019-02-01T22:35:49Z","politifact13711_4","0"
"32CXT5U14GQAZ6MPM1NRIV3D1EUU87","A2RMJNF6IPI42F","Approved","2019-02-01T22:27:04Z","2019-02-01T22:35:49Z","politifact13711_5","0"
"32CXT5U14GQAZ6MPM1NRIV3D1EUU87","AG263U3LX899H","Approved","2019-02-03T19:58:33Z","2019-02-03T20:35:03Z","politifact13711_1","0"
"32CXT5U14GQAZ6MPM1NRIV3D1EUU87","AG263U3LX899H","Approved","2019-02-03T19:58:33Z","2019-02-03T20:35:03Z","politifact13711_2","0"
"32CXT5U14GQAZ6MPM1NRIV3D1EUU87","AG263U3LX899H","Approved","2019-02-03T19:58:33Z","2019-02-03T20:35:03Z","politifact13711_3","0"
"32CXT5U14GQAZ6MPM1NRIV3D1EUU87","AG263U3LX899H","Approved","2019-02-03T19:58:33Z","2019-02-03T20:35:03Z","politifact13711_4","0"
"32CXT5U14GQAZ6MPM1NRIV3D1EUU87","AG263U3LX899H","Approved","2019-02-03T19:58:33Z","2019-02-03T20:35:03Z","politifact13711_5","0"
"3IZVJEBJ6A74HRXBZ9P1F9M1X1JZ6F","A1PUHCEBSOWETV","Approved","2019-02-01T22:08:04Z","2019-02-01T22:35:49Z","politifact15573_1","2"
"3IZVJEBJ6A74HRXBZ9P1F9M1X1JZ6F","A1PUHCEBSOWETV","Approved","2019-02-01T22:08:04Z","2019-02-01T22:35:49Z","politifact15573_2","3"
"3IZVJEBJ6A74HRXBZ9P1F9M1X1JZ6F","A1PUHCEBSOWETV","Approved","2019-02-01T22:08:04Z","2019-02-01T22:35:49Z","politifact15573_3","4"
"3IZVJEBJ6A74HRXBZ9P1F9M1X1JZ6F","A1PUHCEBSOWETV","Approved","2019-02-01T22:08:04Z","2019-02-01T22:35:49Z","politifact15573_4","2"
"3IZVJEBJ6A74HRXBZ9P1F9M1X1JZ6F","A1PUHCEBSOWETV","Approved","2019-02-01T22:08:04Z","2019-02-01T22:35:49Z","politifact15573_5","4"
"3IZVJEBJ6A74HRXBZ9P1F9M1X1JZ6F","A1YSYI926BBOHW","Approved","2019-02-01T22:19:36Z","2019-02-01T22:35:49Z","politifact15573_1","0"
"3IZVJEBJ6A74HRXBZ9P1F9M1X1JZ6F","A1YSYI926BBOHW","Approved","2019-02-01T22:19:36Z","2019-02-01T22:35:49Z","politifact15573_2","0"
"3IZVJEBJ6A74HRXBZ9P1F9M1X1JZ6F","A1YSYI926BBOHW","Approved","2019-02-01T22:19:36Z","2019-02-01T22:35:49Z","politifact15573_3","0"
"3IZVJEBJ6A74HRXBZ9P1F9M1X1JZ6F","A1YSYI926BBOHW","Approved","2019-02-01T22:19:36Z","2019-02-01T22:35:49Z","politifact15573_4","0"
"3IZVJEBJ6A74HRXBZ9P1F9M1X1JZ6F","A1YSYI926BBOHW","Approved","2019-02-01T22:19:36Z","2019-02-01T22:35:49Z","politifact15573_5","0"
"3IZVJEBJ6A74HRXBZ9P1F9M1X1JZ6F","A2RMJNF6IPI42F","Approved","2019-02-01T22:26:45Z","2019-02-01T22:35:49Z","politifact15573_1","0"
"3IZVJEBJ6A74HRXBZ9P1F9M1X1JZ6F","A2RMJNF6IPI42F","Approved","2019-02-01T22:26:45Z","2019-02-01T22:35:49Z","politifact15573_2","0"
"3IZVJEBJ6A74HRXBZ9P1F9M1X1JZ6F","A2RMJNF6IPI42F","Approved","2019-02-01T22:26:45Z","2019-02-01T22:35:49Z","politifact15573_3","0"
"3IZVJEBJ6A74HRXBZ9P1F9M1X1JZ6F","A2RMJNF6IPI42F","Approved","2019-02-01T22:26:45Z","2019-02-01T22:35:49Z","politifact15573_4","0"
"3IZVJEBJ6A74HRXBZ9P1F9M1X1JZ6F","A2RMJNF6IPI42F","Approved","2019-02-01T22:26:45Z","2019-02-01T22:35:49Z","politifact15573_5","0"
"3YCT0L9OMMWFN0HP3YHALRBK5C8SND","A1PUHCEBSOWETV","Approved","2019-02-01T22:07:57Z","2019-02-01T22:35:49Z","politifact14040_1","3"
"3YCT0L9OMMWFN0HP3YHALRBK5C8SND","A1PUHCEBSOWETV","Approved","2019-02-01T22:07:57Z","2019-02-01T22:35:49Z","politifact14040_2","4"
"3YCT0L9OMMWFN0HP3YHALRBK5C8SND","A1PUHCEBSOWETV","Approved","2019-02-01T22:07:57Z","2019-02-01T22:35:49Z","politifact14040_3","2"
"3YCT0L9OMMWFN0HP3YHALRBK5C8SND","A1PUHCEBSOWETV","Approved","2019-02-01T22:07:57Z","2019-02-01T22:35:49Z","politifact14040_4","2"
"3YCT0L9OMMWFN0HP3YHALRBK5C8SND","A1PUHCEBSOWETV","Approved","2019-02-01T22:07:57Z","2019-02-01T22:35:49Z","politifact14040_5","4"
"3YCT0L9OMMWFN0HP3YHALRBK5C8SND","A1F5ND0R1ILGYK","Approved","2019-02-01T22:13:25Z","2019-02-01T22:35:49Z","politifact14040_1","0"
"3YCT0L9OMMWFN0HP3YHALRBK5C8SND","A1F5ND0R1ILGYK","Approved","2019-02-01T22:13:25Z","2019-02-01T22:35:49Z","politifact14040_2","0"
"3YCT0L9OMMWFN0HP3YHALRBK5C8SND","A1F5ND0R1ILGYK","Approved","2019-02-01T22:13:25Z","2019-02-01T22:35:49Z","politifact14040_3","0"
"3YCT0L9OMMWFN0HP3YHALRBK5C8SND","A1F5ND0R1ILGYK","Approved","2019-02-01T22:13:25Z","2019-02-01T22:35:49Z","politifact14040_4","1"
"3YCT0L9OMMWFN0HP3YHALRBK5C8SND","A1F5ND0R1ILGYK","Approved","2019-02-01T22:13:25Z","2019-02-01T22:35:49Z","politifact14040_5","0"
"3YCT0L9OMMWFN0HP3YHALRBK5C8SND","AG263U3LX899H","Approved","2019-02-03T19:59:59Z","2019-02-03T20:35:04Z","politifact14040_1","0"
"3YCT0L9OMMWFN0HP3YHALRBK5C8SND","AG263U3LX899H","Approved","2019-02-03T19:59:59Z","2019-02-03T20:35:04Z","politifact14040_2","2"
"3YCT0L9OMMWFN0HP3YHALRBK5C8SND","AG263U3LX899H","Approved","2019-02-03T19:59:59Z","2019-02-03T20:35:04Z","politifact14040_3","2"
"3YCT0L9OMMWFN0HP3YHALRBK5C8SND","AG263U3LX899H","Approved","2019-02-03T19:59:59Z","2019-02-03T20:35:04Z","politifact14040_4","0"
"3YCT0L9OMMWFN0HP3YHALRBK5C8SND","AG263U3LX899H","Approved","2019-02-03T19:59:59Z","2019-02-03T20:35:04Z","politifact14040_5","1"
"3TUOHPJXYHKD6BC2P9EKGI53D3EWXG","A1PUHCEBSOWETV","Approved","2019-02-01T22:07:29Z","2019-02-01T22:35:50Z","politifact14733_1","3"
"3TUOHPJXYHKD6BC2P9EKGI53D3EWXG","A1PUHCEBSOWETV","Approved","2019-02-01T22:07:29Z","2019-02-01T22:35:50Z","politifact14733_2","2"
"3TUOHPJXYHKD6BC2P9EKGI53D3EWXG","A1PUHCEBSOWETV","Approved","2019-02-01T22:07:29Z","2019-02-01T22:35:50Z","politifact14733_3","4"
"3TUOHPJXYHKD6BC2P9EKGI53D3EWXG","A1PUHCEBSOWETV","Approved","2019-02-01T22:07:29Z","2019-02-01T22:35:50Z","politifact14733_4","2"
"3TUOHPJXYHKD6BC2P9EKGI53D3EWXG","A1PUHCEBSOWETV","Approved","2019-02-01T22:07:29Z","2019-02-01T22:35:50Z","politifact14733_5","4"
"3TUOHPJXYHKD6BC2P9EKGI53D3EWXG","A1Z3JC2PW0L1NY","Approved","2019-02-01T22:10:30Z","2019-02-01T22:35:50Z","politifact14733_1","3"
"3TUOHPJXYHKD6BC2P9EKGI53D3EWXG","A1Z3JC2PW0L1NY","Approved","2019-02-01T22:10:30Z","2019-02-01T22:35:50Z","politifact14733_2","3"
"3TUOHPJXYHKD6BC2P9EKGI53D3EWXG","A1Z3JC2PW0L1NY","Approved","2019-02-01T22:10:30Z","2019-02-01T22:35:50Z","politifact14733_3","4"
"3TUOHPJXYHKD6BC2P9EKGI53D3EWXG","A1Z3JC2PW0L1NY","Approved","2019-02-01T22:10:30Z","2019-02-01T22:35:50Z","politifact14733_4","3"
"3TUOHPJXYHKD6BC2P9EKGI53D3EWXG","A1Z3JC2PW0L1NY","Approved","2019-02-01T22:10:30Z","2019-02-01T22:35:50Z","politifact14733_5","2"
"3TUOHPJXYHKD6BC2P9EKGI53D3EWXG","A1YSYI926BBOHW","Approved","2019-02-01T22:20:52Z","2019-02-01T22:35:50Z","politifact14733_1","0"
"3TUOHPJXYHKD6BC2P9EKGI53D3EWXG","A1YSYI926BBOHW","Approved","2019-02-01T22:20:52Z","2019-02-01T22:35:50Z","politifact14733_2","0"
"3TUOHPJXYHKD6BC2P9EKGI53D3EWXG","A1YSYI926BBOHW","Approved","2019-02-01T22:20:52Z","2019-02-01T22:35:50Z","politifact14733_3","0"
"3TUOHPJXYHKD6BC2P9EKGI53D3EWXG","A1YSYI926BBOHW","Approved","2019-02-01T22:20:52Z","2019-02-01T22:35:50Z","politifact14733_4","0"
"3TUOHPJXYHKD6BC2P9EKGI53D3EWXG","A1YSYI926BBOHW","Approved","2019-02-01T22:20:52Z","2019-02-01T22:35:50Z","politifact14733_5","0"
