"HIT ID","Worker ID","Status","Response Time","Approval Time","Question ID","Answer"
"3NI0WFPPI937F6RLVFC99AJFFSA06U","A2C7TMRC2QHTIW","Approved","2019-01-30T21:10:50Z","2019-01-30T21:47:01Z","politifact15188","list2"
"3NI0WFPPI937F6RLVFC99AJFFSA06U","A2C7TMRC2QHTIW","Approved","2019-01-30T21:10:50Z","2019-01-30T21:47:01Z","politifact15268","list2"
"3NI0WFPPI937F6RLVFC99AJFFSA06U","A2C7TMRC2QHTIW","Approved","2019-01-30T21:10:50Z","2019-01-30T21:47:01Z","politifact14840","list1"
"3NI0WFPPI937F6RLVFC99AJFFSA06U","A2C7TMRC2QHTIW","Approved","2019-01-30T21:10:50Z","2019-01-30T21:47:01Z","politifact15187","list1"
"3NI0WFPPI937F6RLVFC99AJFFSA06U","A2C7TMRC2QHTIW","Approved","2019-01-30T21:10:50Z","2019-01-30T21:47:01Z","politifact15205","list2"
"3NI0WFPPI937F6RLVFC99AJFFSA06U","A3MFK5UEUG95M3","Approved","2019-01-31T00:14:22Z","2019-01-31T01:57:21Z","politifact15188","list2"
"3NI0WFPPI937F6RLVFC99AJFFSA06U","A3MFK5UEUG95M3","Approved","2019-01-31T00:14:22Z","2019-01-31T01:57:21Z","politifact15268","list2"
"3NI0WFPPI937F6RLVFC99AJFFSA06U","A3MFK5UEUG95M3","Approved","2019-01-31T00:14:22Z","2019-01-31T01:57:21Z","politifact14840","list1"
"3NI0WFPPI937F6RLVFC99AJFFSA06U","A3MFK5UEUG95M3","Approved","2019-01-31T00:14:22Z","2019-01-31T01:57:21Z","politifact15187","list1"
"3NI0WFPPI937F6RLVFC99AJFFSA06U","A3MFK5UEUG95M3","Approved","2019-01-31T00:14:22Z","2019-01-31T01:57:21Z","politifact15205","list1"
"3NI0WFPPI937F6RLVFC99AJFFSA06U","A36SM7QM8OK3H6","Approved","2019-01-31T12:58:09Z","2019-02-01T22:34:54Z","politifact15188","list1"
"3NI0WFPPI937F6RLVFC99AJFFSA06U","A36SM7QM8OK3H6","Approved","2019-01-31T12:58:09Z","2019-02-01T22:34:54Z","politifact15268","list2"
"3NI0WFPPI937F6RLVFC99AJFFSA06U","A36SM7QM8OK3H6","Approved","2019-01-31T12:58:09Z","2019-02-01T22:34:54Z","politifact14840","list2"
"3NI0WFPPI937F6RLVFC99AJFFSA06U","A36SM7QM8OK3H6","Approved","2019-01-31T12:58:09Z","2019-02-01T22:34:54Z","politifact15187","list2"
"3NI0WFPPI937F6RLVFC99AJFFSA06U","A36SM7QM8OK3H6","Approved","2019-01-31T12:58:09Z","2019-02-01T22:34:54Z","politifact15205","list2"
"33KGGVH24U4K5AWZSLPZNSF9HOF1XS","A20SL254675EOK","Approved","2019-01-30T21:17:07Z","2019-01-30T21:47:02Z","politifact13560","list1"
"33KGGVH24U4K5AWZSLPZNSF9HOF1XS","A20SL254675EOK","Approved","2019-01-30T21:17:07Z","2019-01-30T21:47:02Z","politifact14733","list2"
"33KGGVH24U4K5AWZSLPZNSF9HOF1XS","A20SL254675EOK","Approved","2019-01-30T21:17:07Z","2019-01-30T21:47:02Z","politifact14040","list1"
"33KGGVH24U4K5AWZSLPZNSF9HOF1XS","A20SL254675EOK","Approved","2019-01-30T21:17:07Z","2019-01-30T21:47:02Z","politifact14327","list2"
"33KGGVH24U4K5AWZSLPZNSF9HOF1XS","A20SL254675EOK","Approved","2019-01-30T21:17:07Z","2019-01-30T21:47:02Z","politifact15573","list1"
"33KGGVH24U4K5AWZSLPZNSF9HOF1XS","A17TKHT8FEVH0R","Approved","2019-01-31T04:57:33Z","2019-02-01T22:34:55Z","politifact13560","list2"
"33KGGVH24U4K5AWZSLPZNSF9HOF1XS","A17TKHT8FEVH0R","Approved","2019-01-31T04:57:33Z","2019-02-01T22:34:55Z","politifact14733","list2"
"33KGGVH24U4K5AWZSLPZNSF9HOF1XS","A17TKHT8FEVH0R","Approved","2019-01-31T04:57:33Z","2019-02-01T22:34:55Z","politifact14040","list2"
"33KGGVH24U4K5AWZSLPZNSF9HOF1XS","A17TKHT8FEVH0R","Approved","2019-01-31T04:57:33Z","2019-02-01T22:34:55Z","politifact14327","list2"
"33KGGVH24U4K5AWZSLPZNSF9HOF1XS","A17TKHT8FEVH0R","Approved","2019-01-31T04:57:33Z","2019-02-01T22:34:55Z","politifact15573","list1"
"3CESM1J3EIQ0NWS6OM5UG5SJGXP6W2","A3O5EU9QQV2OS1","Approved","2019-01-30T21:15:49Z","2019-01-30T21:47:02Z","politifact15108","list1"
"3CESM1J3EIQ0NWS6OM5UG5SJGXP6W2","A3O5EU9QQV2OS1","Approved","2019-01-30T21:15:49Z","2019-01-30T21:47:02Z","politifact14755","list2"
"3CESM1J3EIQ0NWS6OM5UG5SJGXP6W2","A3O5EU9QQV2OS1","Approved","2019-01-30T21:15:49Z","2019-01-30T21:47:02Z","politifact14771","list1"
"3CESM1J3EIQ0NWS6OM5UG5SJGXP6W2","A3O5EU9QQV2OS1","Approved","2019-01-30T21:15:49Z","2019-01-30T21:47:02Z","politifact14756","list2"
"3CESM1J3EIQ0NWS6OM5UG5SJGXP6W2","A3O5EU9QQV2OS1","Approved","2019-01-30T21:15:49Z","2019-01-30T21:47:02Z","politifact15599","list1"
"3CESM1J3EIQ0NWS6OM5UG5SJGXP6W2","A20SL254675EOK","Approved","2019-01-30T21:19:03Z","2019-01-30T21:47:02Z","politifact15108","list1"
"3CESM1J3EIQ0NWS6OM5UG5SJGXP6W2","A20SL254675EOK","Approved","2019-01-30T21:19:03Z","2019-01-30T21:47:02Z","politifact14755","list2"
"3CESM1J3EIQ0NWS6OM5UG5SJGXP6W2","A20SL254675EOK","Approved","2019-01-30T21:19:03Z","2019-01-30T21:47:02Z","politifact14771","list2"
"3CESM1J3EIQ0NWS6OM5UG5SJGXP6W2","A20SL254675EOK","Approved","2019-01-30T21:19:03Z","2019-01-30T21:47:02Z","politifact14756","list2"
"3CESM1J3EIQ0NWS6OM5UG5SJGXP6W2","A20SL254675EOK","Approved","2019-01-30T21:19:03Z","2019-01-30T21:47:02Z","politifact15599","list1"
"3CESM1J3EIQ0NWS6OM5UG5SJGXP6W2","A39Q4SNT7SRK94","Approved","2019-01-30T21:41:18Z","2019-01-30T21:47:02Z","politifact15108","list1"
"3CESM1J3EIQ0NWS6OM5UG5SJGXP6W2","A39Q4SNT7SRK94","Approved","2019-01-30T21:41:18Z","2019-01-30T21:47:02Z","politifact14755","list2"
"3CESM1J3EIQ0NWS6OM5UG5SJGXP6W2","A39Q4SNT7SRK94","Approved","2019-01-30T21:41:18Z","2019-01-30T21:47:02Z","politifact14771","list1"
"3CESM1J3EIQ0NWS6OM5UG5SJGXP6W2","A39Q4SNT7SRK94","Approved","2019-01-30T21:41:18Z","2019-01-30T21:47:02Z","politifact14756","list1"
"3CESM1J3EIQ0NWS6OM5UG5SJGXP6W2","A39Q4SNT7SRK94","Approved","2019-01-30T21:41:18Z","2019-01-30T21:47:02Z","politifact15599","list1"
"3T8DUCXY0NTVDYQARO3VDVCM24F9TQ","A2P065E9CYMYJL","Approved","2019-01-30T21:12:45Z","2019-01-30T21:47:02Z","politifact15570","list1"
"3T8DUCXY0NTVDYQARO3VDVCM24F9TQ","A2P065E9CYMYJL","Approved","2019-01-30T21:12:45Z","2019-01-30T21:47:02Z","politifact15206","list1"
"3T8DUCXY0NTVDYQARO3VDVCM24F9TQ","A2P065E9CYMYJL","Approved","2019-01-30T21:12:45Z","2019-01-30T21:47:02Z","politifact14003","list2"
"3T8DUCXY0NTVDYQARO3VDVCM24F9TQ","A2P065E9CYMYJL","Approved","2019-01-30T21:12:45Z","2019-01-30T21:47:02Z","politifact14309","list1"
"3T8DUCXY0NTVDYQARO3VDVCM24F9TQ","A2P065E9CYMYJL","Approved","2019-01-30T21:12:45Z","2019-01-30T21:47:02Z","politifact15534","list1"
"3T8DUCXY0NTVDYQARO3VDVCM24F9TQ","A20SL254675EOK","Approved","2019-01-30T21:21:39Z","2019-01-30T21:47:02Z","politifact15570","list1"
"3T8DUCXY0NTVDYQARO3VDVCM24F9TQ","A20SL254675EOK","Approved","2019-01-30T21:21:39Z","2019-01-30T21:47:02Z","politifact15206","list1"
"3T8DUCXY0NTVDYQARO3VDVCM24F9TQ","A20SL254675EOK","Approved","2019-01-30T21:21:39Z","2019-01-30T21:47:02Z","politifact14003","list2"
"3T8DUCXY0NTVDYQARO3VDVCM24F9TQ","A20SL254675EOK","Approved","2019-01-30T21:21:39Z","2019-01-30T21:47:02Z","politifact14309","list1"
"3T8DUCXY0NTVDYQARO3VDVCM24F9TQ","A20SL254675EOK","Approved","2019-01-30T21:21:39Z","2019-01-30T21:47:02Z","politifact15534","list1"
"3T8DUCXY0NTVDYQARO3VDVCM24F9TQ","AU2RMH9IZP60M","Approved","2019-01-31T16:13:19Z","2019-02-01T22:34:55Z","politifact15570","list1"
"3T8DUCXY0NTVDYQARO3VDVCM24F9TQ","AU2RMH9IZP60M","Approved","2019-01-31T16:13:19Z","2019-02-01T22:34:55Z","politifact15206","list1"
"3T8DUCXY0NTVDYQARO3VDVCM24F9TQ","AU2RMH9IZP60M","Approved","2019-01-31T16:13:19Z","2019-02-01T22:34:55Z","politifact14003","list2"
"3T8DUCXY0NTVDYQARO3VDVCM24F9TQ","AU2RMH9IZP60M","Approved","2019-01-31T16:13:19Z","2019-02-01T22:34:55Z","politifact14309","list1"
"3T8DUCXY0NTVDYQARO3VDVCM24F9TQ","AU2RMH9IZP60M","Approved","2019-01-31T16:13:19Z","2019-02-01T22:34:55Z","politifact15534","list1"
