"HIT ID","Worker ID","Status","Response Time","Approval Time","Question ID","Answer"
"3FHTJGYT8NNC0GKBOD0L02XCHBOGPC","A17D6BK59S31BM","Approved","2019-01-24T06:51:30Z","2019-01-24T18:30:47Z","politifact15095","list2"
"3FHTJGYT8NNC0GKBOD0L02XCHBOGPC","A17D6BK59S31BM","Approved","2019-01-24T06:51:30Z","2019-01-24T18:30:47Z","politifact14832","list1"
"3FHTJGYT8NNC0GKBOD0L02XCHBOGPC","A17D6BK59S31BM","Approved","2019-01-24T06:51:30Z","2019-01-24T18:30:47Z","politifact13905","list1"
"3FHTJGYT8NNC0GKBOD0L02XCHBOGPC","A17D6BK59S31BM","Approved","2019-01-24T06:51:30Z","2019-01-24T18:30:47Z","politifact15191","list1"
"3FHTJGYT8NNC0GKBOD0L02XCHBOGPC","A17D6BK59S31BM","Approved","2019-01-24T06:51:30Z","2019-01-24T18:30:47Z","politifact15217","list1"
"3FHTJGYT8NNC0GKBOD0L02XCHBOGPC","A2P065E9CYMYJL","Approved","2019-01-24T14:59:50Z","2019-01-24T18:30:47Z","politifact15095","list1"
"3FHTJGYT8NNC0GKBOD0L02XCHBOGPC","A2P065E9CYMYJL","Approved","2019-01-24T14:59:50Z","2019-01-24T18:30:47Z","politifact14832","list2"
"3FHTJGYT8NNC0GKBOD0L02XCHBOGPC","A2P065E9CYMYJL","Approved","2019-01-24T14:59:50Z","2019-01-24T18:30:47Z","politifact13905","list2"
"3FHTJGYT8NNC0GKBOD0L02XCHBOGPC","A2P065E9CYMYJL","Approved","2019-01-24T14:59:50Z","2019-01-24T18:30:47Z","politifact15191","list1"
"3FHTJGYT8NNC0GKBOD0L02XCHBOGPC","A2P065E9CYMYJL","Approved","2019-01-24T14:59:50Z","2019-01-24T18:30:47Z","politifact15217","list1"
"3FHTJGYT8NNC0GKBOD0L02XCHBOGPC","A1L3937MY09J3I","Approved","2019-01-24T15:23:28Z","2019-01-24T18:30:47Z","politifact15095","list1"
"3FHTJGYT8NNC0GKBOD0L02XCHBOGPC","A1L3937MY09J3I","Approved","2019-01-24T15:23:28Z","2019-01-24T18:30:47Z","politifact14832","list2"
"3FHTJGYT8NNC0GKBOD0L02XCHBOGPC","A1L3937MY09J3I","Approved","2019-01-24T15:23:28Z","2019-01-24T18:30:47Z","politifact13905","list1"
"3FHTJGYT8NNC0GKBOD0L02XCHBOGPC","A1L3937MY09J3I","Approved","2019-01-24T15:23:28Z","2019-01-24T18:30:47Z","politifact15191","list1"
"3FHTJGYT8NNC0GKBOD0L02XCHBOGPC","A1L3937MY09J3I","Approved","2019-01-24T15:23:28Z","2019-01-24T18:30:47Z","politifact15217","list1"
"3FHTJGYT8NNC0GKBOD0L02XCHBOGPC","A1PUHCEBSOWETV","Approved","2019-01-24T21:11:48Z","2019-01-27T03:08:28Z","politifact15095","list2"
"3FHTJGYT8NNC0GKBOD0L02XCHBOGPC","A1PUHCEBSOWETV","Approved","2019-01-24T21:11:48Z","2019-01-27T03:08:28Z","politifact14832","list2"
"3FHTJGYT8NNC0GKBOD0L02XCHBOGPC","A1PUHCEBSOWETV","Approved","2019-01-24T21:11:48Z","2019-01-27T03:08:28Z","politifact13905","list1"
"3FHTJGYT8NNC0GKBOD0L02XCHBOGPC","A1PUHCEBSOWETV","Approved","2019-01-24T21:11:48Z","2019-01-27T03:08:28Z","politifact15191","list2"
"3FHTJGYT8NNC0GKBOD0L02XCHBOGPC","A1PUHCEBSOWETV","Approved","2019-01-24T21:11:48Z","2019-01-27T03:08:28Z","politifact15217","list1"
"3LVTFB9DE55X0SLQOQFA07NMM7AGQ3","A1NAUWZYK79JZW","Approved","2019-01-24T07:08:34Z","2019-01-24T18:30:47Z","politifact14888","list1"
"3LVTFB9DE55X0SLQOQFA07NMM7AGQ3","A1NAUWZYK79JZW","Approved","2019-01-24T07:08:34Z","2019-01-24T18:30:47Z","politifact14258","list2"
"3LVTFB9DE55X0SLQOQFA07NMM7AGQ3","A1NAUWZYK79JZW","Approved","2019-01-24T07:08:34Z","2019-01-24T18:30:47Z","politifact14259","list1"
"3LVTFB9DE55X0SLQOQFA07NMM7AGQ3","A1NAUWZYK79JZW","Approved","2019-01-24T07:08:34Z","2019-01-24T18:30:47Z","politifact14235","list2"
"3LVTFB9DE55X0SLQOQFA07NMM7AGQ3","A1NAUWZYK79JZW","Approved","2019-01-24T07:08:34Z","2019-01-24T18:30:47Z","politifact14311","list2"
"3LVTFB9DE55X0SLQOQFA07NMM7AGQ3","AU2RMH9IZP60M","Approved","2019-01-24T09:16:47Z","2019-01-24T18:30:47Z","politifact14888","list1"
"3LVTFB9DE55X0SLQOQFA07NMM7AGQ3","AU2RMH9IZP60M","Approved","2019-01-24T09:16:47Z","2019-01-24T18:30:47Z","politifact14258","list1"
"3LVTFB9DE55X0SLQOQFA07NMM7AGQ3","AU2RMH9IZP60M","Approved","2019-01-24T09:16:47Z","2019-01-24T18:30:47Z","politifact14259","list2"
"3LVTFB9DE55X0SLQOQFA07NMM7AGQ3","AU2RMH9IZP60M","Approved","2019-01-24T09:16:47Z","2019-01-24T18:30:47Z","politifact14235","list2"
"3LVTFB9DE55X0SLQOQFA07NMM7AGQ3","AU2RMH9IZP60M","Approved","2019-01-24T09:16:47Z","2019-01-24T18:30:47Z","politifact14311","list1"
"3LVTFB9DE55X0SLQOQFA07NMM7AGQ3","A1945USNZHTROX","Approved","2019-01-24T14:22:06Z","2019-01-24T18:30:48Z","politifact14888","list1"
"3LVTFB9DE55X0SLQOQFA07NMM7AGQ3","A1945USNZHTROX","Approved","2019-01-24T14:22:06Z","2019-01-24T18:30:48Z","politifact14258","list1"
"3LVTFB9DE55X0SLQOQFA07NMM7AGQ3","A1945USNZHTROX","Approved","2019-01-24T14:22:06Z","2019-01-24T18:30:48Z","politifact14259","list2"
"3LVTFB9DE55X0SLQOQFA07NMM7AGQ3","A1945USNZHTROX","Approved","2019-01-24T14:22:06Z","2019-01-24T18:30:48Z","politifact14235","list1"
"3LVTFB9DE55X0SLQOQFA07NMM7AGQ3","A1945USNZHTROX","Approved","2019-01-24T14:22:06Z","2019-01-24T18:30:48Z","politifact14311","list1"
"3LVTFB9DE55X0SLQOQFA07NMM7AGQ3","A1PUHCEBSOWETV","Approved","2019-01-24T21:11:17Z","2019-01-27T03:08:28Z","politifact14888","list1"
"3LVTFB9DE55X0SLQOQFA07NMM7AGQ3","A1PUHCEBSOWETV","Approved","2019-01-24T21:11:17Z","2019-01-27T03:08:28Z","politifact14258","list1"
"3LVTFB9DE55X0SLQOQFA07NMM7AGQ3","A1PUHCEBSOWETV","Approved","2019-01-24T21:11:17Z","2019-01-27T03:08:28Z","politifact14259","list1"
"3LVTFB9DE55X0SLQOQFA07NMM7AGQ3","A1PUHCEBSOWETV","Approved","2019-01-24T21:11:17Z","2019-01-27T03:08:28Z","politifact14235","list2"
"3LVTFB9DE55X0SLQOQFA07NMM7AGQ3","A1PUHCEBSOWETV","Approved","2019-01-24T21:11:17Z","2019-01-27T03:08:28Z","politifact14311","list2"
"33N1S8XHHM89A5WET3DKKDVKPLBZ1F","AOAZMLP27GD81","Approved","2019-01-24T06:39:45Z","2019-01-24T18:30:48Z","politifact15540","list2"
"33N1S8XHHM89A5WET3DKKDVKPLBZ1F","AOAZMLP27GD81","Approved","2019-01-24T06:39:45Z","2019-01-24T18:30:48Z","politifact14664","list2"
"33N1S8XHHM89A5WET3DKKDVKPLBZ1F","AOAZMLP27GD81","Approved","2019-01-24T06:39:45Z","2019-01-24T18:30:48Z","politifact14095","list2"
"33N1S8XHHM89A5WET3DKKDVKPLBZ1F","AOAZMLP27GD81","Approved","2019-01-24T06:39:45Z","2019-01-24T18:30:48Z","politifact15494","list2"
"33N1S8XHHM89A5WET3DKKDVKPLBZ1F","AOAZMLP27GD81","Approved","2019-01-24T06:39:45Z","2019-01-24T18:30:48Z","politifact13711","list1"
"33N1S8XHHM89A5WET3DKKDVKPLBZ1F","A1AKX1C8GCVCTP","Approved","2019-01-24T08:21:45Z","2019-01-24T18:30:48Z","politifact15540","list2"
"33N1S8XHHM89A5WET3DKKDVKPLBZ1F","A1AKX1C8GCVCTP","Approved","2019-01-24T08:21:45Z","2019-01-24T18:30:48Z","politifact14664","list1"
"33N1S8XHHM89A5WET3DKKDVKPLBZ1F","A1AKX1C8GCVCTP","Approved","2019-01-24T08:21:45Z","2019-01-24T18:30:48Z","politifact14095","list1"
"33N1S8XHHM89A5WET3DKKDVKPLBZ1F","A1AKX1C8GCVCTP","Approved","2019-01-24T08:21:45Z","2019-01-24T18:30:48Z","politifact15494","list2"
"33N1S8XHHM89A5WET3DKKDVKPLBZ1F","A1AKX1C8GCVCTP","Approved","2019-01-24T08:21:45Z","2019-01-24T18:30:48Z","politifact13711","list1"
"33N1S8XHHM89A5WET3DKKDVKPLBZ1F","A1PUHCEBSOWETV","Approved","2019-01-24T21:11:01Z","2019-01-27T03:08:28Z","politifact15540","list2"
"33N1S8XHHM89A5WET3DKKDVKPLBZ1F","A1PUHCEBSOWETV","Approved","2019-01-24T21:11:01Z","2019-01-27T03:08:28Z","politifact14664","list1"
"33N1S8XHHM89A5WET3DKKDVKPLBZ1F","A1PUHCEBSOWETV","Approved","2019-01-24T21:11:01Z","2019-01-27T03:08:28Z","politifact14095","list1"
"33N1S8XHHM89A5WET3DKKDVKPLBZ1F","A1PUHCEBSOWETV","Approved","2019-01-24T21:11:01Z","2019-01-27T03:08:28Z","politifact15494","list1"
"33N1S8XHHM89A5WET3DKKDVKPLBZ1F","A1PUHCEBSOWETV","Approved","2019-01-24T21:11:01Z","2019-01-27T03:08:28Z","politifact13711","list1"
"33N1S8XHHM89A5WET3DKKDVKPLBZ1F","A1QKIA8XRNEXIG","Approved","2019-01-28T04:01:27Z","2019-01-28T06:34:38Z","politifact15540","list2"
"33N1S8XHHM89A5WET3DKKDVKPLBZ1F","A1QKIA8XRNEXIG","Approved","2019-01-28T04:01:27Z","2019-01-28T06:34:38Z","politifact14664","list1"
"33N1S8XHHM89A5WET3DKKDVKPLBZ1F","A1QKIA8XRNEXIG","Approved","2019-01-28T04:01:27Z","2019-01-28T06:34:38Z","politifact14095","list2"
"33N1S8XHHM89A5WET3DKKDVKPLBZ1F","A1QKIA8XRNEXIG","Approved","2019-01-28T04:01:27Z","2019-01-28T06:34:38Z","politifact15494","list2"
"33N1S8XHHM89A5WET3DKKDVKPLBZ1F","A1QKIA8XRNEXIG","Approved","2019-01-28T04:01:27Z","2019-01-28T06:34:38Z","politifact13711","list1"
"3P7QK0GJ3T8GZQEAC7DYPW5PHRPZ2W","AJ2AOZ9IHBDIR","Approved","2019-01-24T07:29:56Z","2019-01-24T18:30:48Z","politifact15201","list1"
"3P7QK0GJ3T8GZQEAC7DYPW5PHRPZ2W","AJ2AOZ9IHBDIR","Approved","2019-01-24T07:29:56Z","2019-01-24T18:30:48Z","politifact13677","list1"
"3P7QK0GJ3T8GZQEAC7DYPW5PHRPZ2W","AJ2AOZ9IHBDIR","Approved","2019-01-24T07:29:56Z","2019-01-24T18:30:48Z","politifact15401","list1"
"3P7QK0GJ3T8GZQEAC7DYPW5PHRPZ2W","AJ2AOZ9IHBDIR","Approved","2019-01-24T07:29:56Z","2019-01-24T18:30:48Z","politifact14908","list1"
"3P7QK0GJ3T8GZQEAC7DYPW5PHRPZ2W","AJ2AOZ9IHBDIR","Approved","2019-01-24T07:29:56Z","2019-01-24T18:30:48Z","politifact15268","list2"
"3P7QK0GJ3T8GZQEAC7DYPW5PHRPZ2W","A1PUHCEBSOWETV","Approved","2019-01-24T21:09:53Z","2019-01-27T03:08:28Z","politifact15201","list1"
"3P7QK0GJ3T8GZQEAC7DYPW5PHRPZ2W","A1PUHCEBSOWETV","Approved","2019-01-24T21:09:53Z","2019-01-27T03:08:28Z","politifact13677","list1"
"3P7QK0GJ3T8GZQEAC7DYPW5PHRPZ2W","A1PUHCEBSOWETV","Approved","2019-01-24T21:09:53Z","2019-01-27T03:08:28Z","politifact15401","list1"
"3P7QK0GJ3T8GZQEAC7DYPW5PHRPZ2W","A1PUHCEBSOWETV","Approved","2019-01-24T21:09:53Z","2019-01-27T03:08:28Z","politifact14908","list1"
"3P7QK0GJ3T8GZQEAC7DYPW5PHRPZ2W","A1PUHCEBSOWETV","Approved","2019-01-24T21:09:53Z","2019-01-27T03:08:28Z","politifact15268","list1"
"3P7QK0GJ3T8GZQEAC7DYPW5PHRPZ2W","A3GPTSDDHJ2DBV","Approved","2019-01-26T08:12:01Z","2019-01-27T03:08:29Z","politifact15201","list1"
"3P7QK0GJ3T8GZQEAC7DYPW5PHRPZ2W","A3GPTSDDHJ2DBV","Approved","2019-01-26T08:12:01Z","2019-01-27T03:08:29Z","politifact13677","list1"
"3P7QK0GJ3T8GZQEAC7DYPW5PHRPZ2W","A3GPTSDDHJ2DBV","Approved","2019-01-26T08:12:01Z","2019-01-27T03:08:29Z","politifact15401","list1"
"3P7QK0GJ3T8GZQEAC7DYPW5PHRPZ2W","A3GPTSDDHJ2DBV","Approved","2019-01-26T08:12:01Z","2019-01-27T03:08:29Z","politifact14908","list1"
"3P7QK0GJ3T8GZQEAC7DYPW5PHRPZ2W","A3GPTSDDHJ2DBV","Approved","2019-01-26T08:12:01Z","2019-01-27T03:08:29Z","politifact15268","list2"
"3P7QK0GJ3T8GZQEAC7DYPW5PHRPZ2W","A1CH3TODZNQCES","Approved","2019-01-26T19:31:19Z","2019-01-27T03:08:29Z","politifact15201","list1"
"3P7QK0GJ3T8GZQEAC7DYPW5PHRPZ2W","A1CH3TODZNQCES","Approved","2019-01-26T19:31:19Z","2019-01-27T03:08:29Z","politifact13677","list1"
"3P7QK0GJ3T8GZQEAC7DYPW5PHRPZ2W","A1CH3TODZNQCES","Approved","2019-01-26T19:31:19Z","2019-01-27T03:08:29Z","politifact15401","list1"
"3P7QK0GJ3T8GZQEAC7DYPW5PHRPZ2W","A1CH3TODZNQCES","Approved","2019-01-26T19:31:19Z","2019-01-27T03:08:29Z","politifact14908","list1"
"3P7QK0GJ3T8GZQEAC7DYPW5PHRPZ2W","A1CH3TODZNQCES","Approved","2019-01-26T19:31:19Z","2019-01-27T03:08:29Z","politifact15268","list1"
