"HIT ID","Worker ID","Status","Response Time","Approval Time","Question ID","Answer"
"39WSF6KUV28WV2CJ3IXIBZ7AUV4EOD","A1PUHCEBSOWETV","Approved","2019-02-01T22:04:08Z","2019-02-01T22:35:13Z","politifact15505_our_1","2"
"39WSF6KUV28WV2CJ3IXIBZ7AUV4EOD","A1PUHCEBSOWETV","Approved","2019-02-01T22:04:08Z","2019-02-01T22:35:13Z","politifact15505_2","4"
"39WSF6KUV28WV2CJ3IXIBZ7AUV4EOD","A1PUHCEBSOWETV","Approved","2019-02-01T22:04:08Z","2019-02-01T22:35:13Z","politifact15505_3","3"
"39WSF6KUV28WV2CJ3IXIBZ7AUV4EOD","A1PUHCEBSOWETV","Approved","2019-02-01T22:04:08Z","2019-02-01T22:35:13Z","politifact15505_4","2"
"39WSF6KUV28WV2CJ3IXIBZ7AUV4EOD","A1PUHCEBSOWETV","Approved","2019-02-01T22:04:08Z","2019-02-01T22:35:13Z","politifact15505_5","4"
"39WSF6KUV28WV2CJ3IXIBZ7AUV4EOD","A1YSYI926BBOHW","Approved","2019-02-01T22:15:08Z","2019-02-01T22:35:13Z","politifact15505_our_1","2"
"39WSF6KUV28WV2CJ3IXIBZ7AUV4EOD","A1YSYI926BBOHW","Approved","2019-02-01T22:15:08Z","2019-02-01T22:35:13Z","politifact15505_2","2"
"39WSF6KUV28WV2CJ3IXIBZ7AUV4EOD","A1YSYI926BBOHW","Approved","2019-02-01T22:15:08Z","2019-02-01T22:35:13Z","politifact15505_3","0"
"39WSF6KUV28WV2CJ3IXIBZ7AUV4EOD","A1YSYI926BBOHW","Approved","2019-02-01T22:15:08Z","2019-02-01T22:35:13Z","politifact15505_4","2"
"39WSF6KUV28WV2CJ3IXIBZ7AUV4EOD","A1YSYI926BBOHW","Approved","2019-02-01T22:15:08Z","2019-02-01T22:35:13Z","politifact15505_5","0"
"39WSF6KUV28WV2CJ3IXIBZ7AUV4EOD","A2RMJNF6IPI42F","Approved","2019-02-01T22:17:16Z","2019-02-01T22:35:13Z","politifact15505_our_1","1"
"39WSF6KUV28WV2CJ3IXIBZ7AUV4EOD","A2RMJNF6IPI42F","Approved","2019-02-01T22:17:16Z","2019-02-01T22:35:13Z","politifact15505_2","1"
"39WSF6KUV28WV2CJ3IXIBZ7AUV4EOD","A2RMJNF6IPI42F","Approved","2019-02-01T22:17:16Z","2019-02-01T22:35:13Z","politifact15505_3","0"
"39WSF6KUV28WV2CJ3IXIBZ7AUV4EOD","A2RMJNF6IPI42F","Approved","2019-02-01T22:17:16Z","2019-02-01T22:35:13Z","politifact15505_4","1"
"39WSF6KUV28WV2CJ3IXIBZ7AUV4EOD","A2RMJNF6IPI42F","Approved","2019-02-01T22:17:16Z","2019-02-01T22:35:13Z","politifact15505_5","0"
"344M16OZKI2EDHC723X5WA754LZENY","A1PUHCEBSOWETV","Approved","2019-02-01T22:04:21Z","2019-02-01T22:35:13Z","politifact15135_our_1","3"
"344M16OZKI2EDHC723X5WA754LZENY","A1PUHCEBSOWETV","Approved","2019-02-01T22:04:21Z","2019-02-01T22:35:13Z","politifact15135_2","4"
"344M16OZKI2EDHC723X5WA754LZENY","A1PUHCEBSOWETV","Approved","2019-02-01T22:04:21Z","2019-02-01T22:35:13Z","politifact15135_3","2"
"344M16OZKI2EDHC723X5WA754LZENY","A1PUHCEBSOWETV","Approved","2019-02-01T22:04:21Z","2019-02-01T22:35:13Z","politifact15135_4","4"
"344M16OZKI2EDHC723X5WA754LZENY","A1PUHCEBSOWETV","Approved","2019-02-01T22:04:21Z","2019-02-01T22:35:13Z","politifact15135_5","2"
"344M16OZKI2EDHC723X5WA754LZENY","A2PYZDFLMB8RN6","Approved","2019-02-01T22:14:47Z","2019-02-01T22:35:13Z","politifact15135_our_1","1"
"344M16OZKI2EDHC723X5WA754LZENY","A2PYZDFLMB8RN6","Approved","2019-02-01T22:14:47Z","2019-02-01T22:35:13Z","politifact15135_2","2"
"344M16OZKI2EDHC723X5WA754LZENY","A2PYZDFLMB8RN6","Approved","2019-02-01T22:14:47Z","2019-02-01T22:35:13Z","politifact15135_3","3"
"344M16OZKI2EDHC723X5WA754LZENY","A2PYZDFLMB8RN6","Approved","2019-02-01T22:14:47Z","2019-02-01T22:35:13Z","politifact15135_4","2"
"344M16OZKI2EDHC723X5WA754LZENY","A2PYZDFLMB8RN6","Approved","2019-02-01T22:14:47Z","2019-02-01T22:35:13Z","politifact15135_5","2"
"344M16OZKI2EDHC723X5WA754LZENY","A2RMJNF6IPI42F","Approved","2019-02-01T22:23:13Z","2019-02-01T22:35:13Z","politifact15135_our_1","0"
"344M16OZKI2EDHC723X5WA754LZENY","A2RMJNF6IPI42F","Approved","2019-02-01T22:23:13Z","2019-02-01T22:35:13Z","politifact15135_2","0"
"344M16OZKI2EDHC723X5WA754LZENY","A2RMJNF6IPI42F","Approved","2019-02-01T22:23:13Z","2019-02-01T22:35:13Z","politifact15135_3","0"
"344M16OZKI2EDHC723X5WA754LZENY","A2RMJNF6IPI42F","Approved","2019-02-01T22:23:13Z","2019-02-01T22:35:13Z","politifact15135_4","0"
"344M16OZKI2EDHC723X5WA754LZENY","A2RMJNF6IPI42F","Approved","2019-02-01T22:23:13Z","2019-02-01T22:35:13Z","politifact15135_5","0"
"3FSEU3P2NRNO1J94HGYM41BYK7ERRC","A1PUHCEBSOWETV","Approved","2019-02-01T22:05:10Z","2019-02-01T22:35:14Z","politifact14644_our_1","4"
"3FSEU3P2NRNO1J94HGYM41BYK7ERRC","A1PUHCEBSOWETV","Approved","2019-02-01T22:05:10Z","2019-02-01T22:35:14Z","politifact14644_2","3"
"3FSEU3P2NRNO1J94HGYM41BYK7ERRC","A1PUHCEBSOWETV","Approved","2019-02-01T22:05:10Z","2019-02-01T22:35:14Z","politifact14644_3","3"
"3FSEU3P2NRNO1J94HGYM41BYK7ERRC","A1PUHCEBSOWETV","Approved","2019-02-01T22:05:10Z","2019-02-01T22:35:14Z","politifact14644_4","4"
"3FSEU3P2NRNO1J94HGYM41BYK7ERRC","A1PUHCEBSOWETV","Approved","2019-02-01T22:05:10Z","2019-02-01T22:35:14Z","politifact14644_5","2"
"3FSEU3P2NRNO1J94HGYM41BYK7ERRC","A2PYZDFLMB8RN6","Approved","2019-02-01T22:14:12Z","2019-02-01T22:35:14Z","politifact14644_our_1","2"
"3FSEU3P2NRNO1J94HGYM41BYK7ERRC","A2PYZDFLMB8RN6","Approved","2019-02-01T22:14:12Z","2019-02-01T22:35:14Z","politifact14644_2","1"
"3FSEU3P2NRNO1J94HGYM41BYK7ERRC","A2PYZDFLMB8RN6","Approved","2019-02-01T22:14:12Z","2019-02-01T22:35:14Z","politifact14644_3","1"
"3FSEU3P2NRNO1J94HGYM41BYK7ERRC","A2PYZDFLMB8RN6","Approved","2019-02-01T22:14:12Z","2019-02-01T22:35:14Z","politifact14644_4","2"
"3FSEU3P2NRNO1J94HGYM41BYK7ERRC","A2PYZDFLMB8RN6","Approved","2019-02-01T22:14:12Z","2019-02-01T22:35:14Z","politifact14644_5","2"
"3FSEU3P2NRNO1J94HGYM41BYK7ERRC","A26IPW4RNUIVCD","Approved","2019-02-01T22:18:40Z","2019-02-01T22:35:14Z","politifact14644_our_1","0"
"3FSEU3P2NRNO1J94HGYM41BYK7ERRC","A26IPW4RNUIVCD","Approved","2019-02-01T22:18:40Z","2019-02-01T22:35:14Z","politifact14644_2","3"
"3FSEU3P2NRNO1J94HGYM41BYK7ERRC","A26IPW4RNUIVCD","Approved","2019-02-01T22:18:40Z","2019-02-01T22:35:14Z","politifact14644_3","1"
"3FSEU3P2NRNO1J94HGYM41BYK7ERRC","A26IPW4RNUIVCD","Approved","2019-02-01T22:18:40Z","2019-02-01T22:35:14Z","politifact14644_4","3"
"3FSEU3P2NRNO1J94HGYM41BYK7ERRC","A26IPW4RNUIVCD","Approved","2019-02-01T22:18:40Z","2019-02-01T22:35:14Z","politifact14644_5","0"
"379OL9DBSS1RUKP41UQULC41H8N9Y9","A1PUHCEBSOWETV","Approved","2019-02-01T22:06:01Z","2019-02-01T22:35:14Z","politifact15037_our_1","3"
"379OL9DBSS1RUKP41UQULC41H8N9Y9","A1PUHCEBSOWETV","Approved","2019-02-01T22:06:01Z","2019-02-01T22:35:14Z","politifact15037_2","3"
"379OL9DBSS1RUKP41UQULC41H8N9Y9","A1PUHCEBSOWETV","Approved","2019-02-01T22:06:01Z","2019-02-01T22:35:14Z","politifact15037_3","2"
"379OL9DBSS1RUKP41UQULC41H8N9Y9","A1PUHCEBSOWETV","Approved","2019-02-01T22:06:01Z","2019-02-01T22:35:14Z","politifact15037_4","4"
"379OL9DBSS1RUKP41UQULC41H8N9Y9","A1PUHCEBSOWETV","Approved","2019-02-01T22:06:01Z","2019-02-01T22:35:14Z","politifact15037_5","3"
"379OL9DBSS1RUKP41UQULC41H8N9Y9","A3542PB4Z0NE80","Approved","2019-02-01T22:12:26Z","2019-02-01T22:35:14Z","politifact15037_our_1","0"
"379OL9DBSS1RUKP41UQULC41H8N9Y9","A3542PB4Z0NE80","Approved","2019-02-01T22:12:26Z","2019-02-01T22:35:14Z","politifact15037_2","0"
"379OL9DBSS1RUKP41UQULC41H8N9Y9","A3542PB4Z0NE80","Approved","2019-02-01T22:12:26Z","2019-02-01T22:35:14Z","politifact15037_3","1"
"379OL9DBSS1RUKP41UQULC41H8N9Y9","A3542PB4Z0NE80","Approved","2019-02-01T22:12:26Z","2019-02-01T22:35:14Z","politifact15037_4","0"
"379OL9DBSS1RUKP41UQULC41H8N9Y9","A3542PB4Z0NE80","Approved","2019-02-01T22:12:26Z","2019-02-01T22:35:14Z","politifact15037_5","0"
"379OL9DBSS1RUKP41UQULC41H8N9Y9","A1YSYI926BBOHW","Approved","2019-02-01T22:15:41Z","2019-02-01T22:35:14Z","politifact15037_our_1","0"
"379OL9DBSS1RUKP41UQULC41H8N9Y9","A1YSYI926BBOHW","Approved","2019-02-01T22:15:41Z","2019-02-01T22:35:14Z","politifact15037_2","0"
"379OL9DBSS1RUKP41UQULC41H8N9Y9","A1YSYI926BBOHW","Approved","2019-02-01T22:15:41Z","2019-02-01T22:35:14Z","politifact15037_3","0"
"379OL9DBSS1RUKP41UQULC41H8N9Y9","A1YSYI926BBOHW","Approved","2019-02-01T22:15:41Z","2019-02-01T22:35:14Z","politifact15037_4","0"
"379OL9DBSS1RUKP41UQULC41H8N9Y9","A1YSYI926BBOHW","Approved","2019-02-01T22:15:41Z","2019-02-01T22:35:14Z","politifact15037_5","1"
"3FO95NVK5CN02Y9HW5YRUBGU69XRS0","A1PUHCEBSOWETV","Approved","2019-02-01T22:04:46Z","2019-02-01T22:35:14Z","politifact15304_our_1","4"
"3FO95NVK5CN02Y9HW5YRUBGU69XRS0","A1PUHCEBSOWETV","Approved","2019-02-01T22:04:46Z","2019-02-01T22:35:14Z","politifact15304_2","3"
"3FO95NVK5CN02Y9HW5YRUBGU69XRS0","A1PUHCEBSOWETV","Approved","2019-02-01T22:04:46Z","2019-02-01T22:35:14Z","politifact15304_3","4"
"3FO95NVK5CN02Y9HW5YRUBGU69XRS0","A1PUHCEBSOWETV","Approved","2019-02-01T22:04:46Z","2019-02-01T22:35:14Z","politifact15304_4","3"
"3FO95NVK5CN02Y9HW5YRUBGU69XRS0","A1PUHCEBSOWETV","Approved","2019-02-01T22:04:46Z","2019-02-01T22:35:14Z","politifact15304_5","4"
"3FO95NVK5CN02Y9HW5YRUBGU69XRS0","A2PYZDFLMB8RN6","Approved","2019-02-01T22:10:01Z","2019-02-01T22:35:15Z","politifact15304_our_1","2"
"3FO95NVK5CN02Y9HW5YRUBGU69XRS0","A2PYZDFLMB8RN6","Approved","2019-02-01T22:10:01Z","2019-02-01T22:35:15Z","politifact15304_2","3"
"3FO95NVK5CN02Y9HW5YRUBGU69XRS0","A2PYZDFLMB8RN6","Approved","2019-02-01T22:10:01Z","2019-02-01T22:35:15Z","politifact15304_3","2"
"3FO95NVK5CN02Y9HW5YRUBGU69XRS0","A2PYZDFLMB8RN6","Approved","2019-02-01T22:10:01Z","2019-02-01T22:35:15Z","politifact15304_4","3"
"3FO95NVK5CN02Y9HW5YRUBGU69XRS0","A2PYZDFLMB8RN6","Approved","2019-02-01T22:10:01Z","2019-02-01T22:35:15Z","politifact15304_5","3"
"3FO95NVK5CN02Y9HW5YRUBGU69XRS0","A3DHMYX6PEQ05X","Approved","2019-02-02T19:17:31Z","2019-02-03T20:34:55Z","politifact15304_our_1","0"
"3FO95NVK5CN02Y9HW5YRUBGU69XRS0","A3DHMYX6PEQ05X","Approved","2019-02-02T19:17:31Z","2019-02-03T20:34:55Z","politifact15304_2","1"
"3FO95NVK5CN02Y9HW5YRUBGU69XRS0","A3DHMYX6PEQ05X","Approved","2019-02-02T19:17:31Z","2019-02-03T20:34:55Z","politifact15304_3","0"
"3FO95NVK5CN02Y9HW5YRUBGU69XRS0","A3DHMYX6PEQ05X","Approved","2019-02-02T19:17:31Z","2019-02-03T20:34:55Z","politifact15304_4","1"
"3FO95NVK5CN02Y9HW5YRUBGU69XRS0","A3DHMYX6PEQ05X","Approved","2019-02-02T19:17:31Z","2019-02-03T20:34:55Z","politifact15304_5","1"
"33P2GD6NRNFPPLI6VRDVPLNE26MHKC","A1PUHCEBSOWETV","Approved","2019-02-01T22:02:40Z","2019-02-01T22:35:15Z","politifact13887_our_1","1"
"33P2GD6NRNFPPLI6VRDVPLNE26MHKC","A1PUHCEBSOWETV","Approved","2019-02-01T22:02:40Z","2019-02-01T22:35:15Z","politifact13887_2","2"
"33P2GD6NRNFPPLI6VRDVPLNE26MHKC","A1PUHCEBSOWETV","Approved","2019-02-01T22:02:40Z","2019-02-01T22:35:15Z","politifact13887_3","0"
"33P2GD6NRNFPPLI6VRDVPLNE26MHKC","A1PUHCEBSOWETV","Approved","2019-02-01T22:02:40Z","2019-02-01T22:35:15Z","politifact13887_4","0"
"33P2GD6NRNFPPLI6VRDVPLNE26MHKC","A1PUHCEBSOWETV","Approved","2019-02-01T22:02:40Z","2019-02-01T22:35:15Z","politifact13887_5","2"
"33P2GD6NRNFPPLI6VRDVPLNE26MHKC","A2PYZDFLMB8RN6","Approved","2019-02-01T22:15:40Z","2019-02-01T22:35:15Z","politifact13887_our_1","1"
"33P2GD6NRNFPPLI6VRDVPLNE26MHKC","A2PYZDFLMB8RN6","Approved","2019-02-01T22:15:40Z","2019-02-01T22:35:15Z","politifact13887_2","2"
"33P2GD6NRNFPPLI6VRDVPLNE26MHKC","A2PYZDFLMB8RN6","Approved","2019-02-01T22:15:40Z","2019-02-01T22:35:15Z","politifact13887_3","3"
"33P2GD6NRNFPPLI6VRDVPLNE26MHKC","A2PYZDFLMB8RN6","Approved","2019-02-01T22:15:40Z","2019-02-01T22:35:15Z","politifact13887_4","1"
"33P2GD6NRNFPPLI6VRDVPLNE26MHKC","A2PYZDFLMB8RN6","Approved","2019-02-01T22:15:40Z","2019-02-01T22:35:15Z","politifact13887_5","3"
"33P2GD6NRNFPPLI6VRDVPLNE26MHKC","A1YSYI926BBOHW","Approved","2019-02-01T22:18:20Z","2019-02-01T22:35:15Z","politifact13887_our_1","1"
"33P2GD6NRNFPPLI6VRDVPLNE26MHKC","A1YSYI926BBOHW","Approved","2019-02-01T22:18:20Z","2019-02-01T22:35:15Z","politifact13887_2","0"
"33P2GD6NRNFPPLI6VRDVPLNE26MHKC","A1YSYI926BBOHW","Approved","2019-02-01T22:18:20Z","2019-02-01T22:35:15Z","politifact13887_3","2"
"33P2GD6NRNFPPLI6VRDVPLNE26MHKC","A1YSYI926BBOHW","Approved","2019-02-01T22:18:20Z","2019-02-01T22:35:15Z","politifact13887_4","1"
"33P2GD6NRNFPPLI6VRDVPLNE26MHKC","A1YSYI926BBOHW","Approved","2019-02-01T22:18:20Z","2019-02-01T22:35:15Z","politifact13887_5","0"
"3PUOXASB57QRZAZ9XGSDZJD3N2R9Z0","A1PUHCEBSOWETV","Approved","2019-02-01T22:03:58Z","2019-02-01T22:35:15Z","politifact15512_our_1","3"
"3PUOXASB57QRZAZ9XGSDZJD3N2R9Z0","A1PUHCEBSOWETV","Approved","2019-02-01T22:03:58Z","2019-02-01T22:35:15Z","politifact15512_2","4"
"3PUOXASB57QRZAZ9XGSDZJD3N2R9Z0","A1PUHCEBSOWETV","Approved","2019-02-01T22:03:58Z","2019-02-01T22:35:15Z","politifact15512_3","2"
"3PUOXASB57QRZAZ9XGSDZJD3N2R9Z0","A1PUHCEBSOWETV","Approved","2019-02-01T22:03:58Z","2019-02-01T22:35:15Z","politifact15512_4","2"
"3PUOXASB57QRZAZ9XGSDZJD3N2R9Z0","A1PUHCEBSOWETV","Approved","2019-02-01T22:03:58Z","2019-02-01T22:35:15Z","politifact15512_5","2"
"3PUOXASB57QRZAZ9XGSDZJD3N2R9Z0","A2PYZDFLMB8RN6","Approved","2019-02-01T22:08:58Z","2019-02-01T22:35:15Z","politifact15512_our_1","2"
"3PUOXASB57QRZAZ9XGSDZJD3N2R9Z0","A2PYZDFLMB8RN6","Approved","2019-02-01T22:08:58Z","2019-02-01T22:35:15Z","politifact15512_2","2"
"3PUOXASB57QRZAZ9XGSDZJD3N2R9Z0","A2PYZDFLMB8RN6","Approved","2019-02-01T22:08:58Z","2019-02-01T22:35:15Z","politifact15512_3","2"
"3PUOXASB57QRZAZ9XGSDZJD3N2R9Z0","A2PYZDFLMB8RN6","Approved","2019-02-01T22:08:58Z","2019-02-01T22:35:15Z","politifact15512_4","3"
"3PUOXASB57QRZAZ9XGSDZJD3N2R9Z0","A2PYZDFLMB8RN6","Approved","2019-02-01T22:08:58Z","2019-02-01T22:35:15Z","politifact15512_5","2"
"3PUOXASB57QRZAZ9XGSDZJD3N2R9Z0","A2RMJNF6IPI42F","Approved","2019-02-01T22:22:57Z","2019-02-01T22:35:15Z","politifact15512_our_1","0"
"3PUOXASB57QRZAZ9XGSDZJD3N2R9Z0","A2RMJNF6IPI42F","Approved","2019-02-01T22:22:57Z","2019-02-01T22:35:15Z","politifact15512_2","0"
"3PUOXASB57QRZAZ9XGSDZJD3N2R9Z0","A2RMJNF6IPI42F","Approved","2019-02-01T22:22:57Z","2019-02-01T22:35:15Z","politifact15512_3","0"
"3PUOXASB57QRZAZ9XGSDZJD3N2R9Z0","A2RMJNF6IPI42F","Approved","2019-02-01T22:22:57Z","2019-02-01T22:35:15Z","politifact15512_4","0"
"3PUOXASB57QRZAZ9XGSDZJD3N2R9Z0","A2RMJNF6IPI42F","Approved","2019-02-01T22:22:57Z","2019-02-01T22:35:15Z","politifact15512_5","0"
"3126F2F5F8QEG2OKIIAX0ZC0400EPU","A1PUHCEBSOWETV","Approved","2019-02-01T22:02:43Z","2019-02-01T22:35:16Z","politifact15599_our_1","2"
"3126F2F5F8QEG2OKIIAX0ZC0400EPU","A1PUHCEBSOWETV","Approved","2019-02-01T22:02:43Z","2019-02-01T22:35:16Z","politifact15599_2","1"
"3126F2F5F8QEG2OKIIAX0ZC0400EPU","A1PUHCEBSOWETV","Approved","2019-02-01T22:02:43Z","2019-02-01T22:35:16Z","politifact15599_3","0"
"3126F2F5F8QEG2OKIIAX0ZC0400EPU","A1PUHCEBSOWETV","Approved","2019-02-01T22:02:43Z","2019-02-01T22:35:16Z","politifact15599_4","1"
"3126F2F5F8QEG2OKIIAX0ZC0400EPU","A1PUHCEBSOWETV","Approved","2019-02-01T22:02:43Z","2019-02-01T22:35:16Z","politifact15599_5","2"
"3126F2F5F8QEG2OKIIAX0ZC0400EPU","A1YSYI926BBOHW","Approved","2019-02-01T22:16:23Z","2019-02-01T22:35:16Z","politifact15599_our_1","0"
"3126F2F5F8QEG2OKIIAX0ZC0400EPU","A1YSYI926BBOHW","Approved","2019-02-01T22:16:23Z","2019-02-01T22:35:16Z","politifact15599_2","0"
"3126F2F5F8QEG2OKIIAX0ZC0400EPU","A1YSYI926BBOHW","Approved","2019-02-01T22:16:23Z","2019-02-01T22:35:16Z","politifact15599_3","0"
"3126F2F5F8QEG2OKIIAX0ZC0400EPU","A1YSYI926BBOHW","Approved","2019-02-01T22:16:23Z","2019-02-01T22:35:16Z","politifact15599_4","0"
"3126F2F5F8QEG2OKIIAX0ZC0400EPU","A1YSYI926BBOHW","Approved","2019-02-01T22:16:23Z","2019-02-01T22:35:16Z","politifact15599_5","0"
"3126F2F5F8QEG2OKIIAX0ZC0400EPU","A2RMJNF6IPI42F","Approved","2019-02-01T22:20:08Z","2019-02-01T22:35:16Z","politifact15599_our_1","0"
"3126F2F5F8QEG2OKIIAX0ZC0400EPU","A2RMJNF6IPI42F","Approved","2019-02-01T22:20:08Z","2019-02-01T22:35:16Z","politifact15599_2","0"
"3126F2F5F8QEG2OKIIAX0ZC0400EPU","A2RMJNF6IPI42F","Approved","2019-02-01T22:20:08Z","2019-02-01T22:35:16Z","politifact15599_3","3"
"3126F2F5F8QEG2OKIIAX0ZC0400EPU","A2RMJNF6IPI42F","Approved","2019-02-01T22:20:08Z","2019-02-01T22:35:16Z","politifact15599_4","0"
"3126F2F5F8QEG2OKIIAX0ZC0400EPU","A2RMJNF6IPI42F","Approved","2019-02-01T22:20:08Z","2019-02-01T22:35:16Z","politifact15599_5","0"
"3W0XM68YZPIELAXST2AAXY77LHQK1G","A1PUHCEBSOWETV","Approved","2019-02-01T22:03:27Z","2019-02-01T22:35:16Z","politifact15141_our_1","3"
"3W0XM68YZPIELAXST2AAXY77LHQK1G","A1PUHCEBSOWETV","Approved","2019-02-01T22:03:27Z","2019-02-01T22:35:16Z","politifact15141_2","4"
"3W0XM68YZPIELAXST2AAXY77LHQK1G","A1PUHCEBSOWETV","Approved","2019-02-01T22:03:27Z","2019-02-01T22:35:16Z","politifact15141_3","1"
"3W0XM68YZPIELAXST2AAXY77LHQK1G","A1PUHCEBSOWETV","Approved","2019-02-01T22:03:27Z","2019-02-01T22:35:16Z","politifact15141_4","1"
"3W0XM68YZPIELAXST2AAXY77LHQK1G","A1PUHCEBSOWETV","Approved","2019-02-01T22:03:27Z","2019-02-01T22:35:16Z","politifact15141_5","4"
"3W0XM68YZPIELAXST2AAXY77LHQK1G","A2PYZDFLMB8RN6","Approved","2019-02-01T22:11:43Z","2019-02-01T22:35:16Z","politifact15141_our_1","2"
"3W0XM68YZPIELAXST2AAXY77LHQK1G","A2PYZDFLMB8RN6","Approved","2019-02-01T22:11:43Z","2019-02-01T22:35:16Z","politifact15141_2","2"
"3W0XM68YZPIELAXST2AAXY77LHQK1G","A2PYZDFLMB8RN6","Approved","2019-02-01T22:11:43Z","2019-02-01T22:35:16Z","politifact15141_3","2"
"3W0XM68YZPIELAXST2AAXY77LHQK1G","A2PYZDFLMB8RN6","Approved","2019-02-01T22:11:43Z","2019-02-01T22:35:16Z","politifact15141_4","1"
"3W0XM68YZPIELAXST2AAXY77LHQK1G","A2PYZDFLMB8RN6","Approved","2019-02-01T22:11:43Z","2019-02-01T22:35:16Z","politifact15141_5","3"
"3W0XM68YZPIELAXST2AAXY77LHQK1G","A1YSYI926BBOHW","Approved","2019-02-01T22:17:27Z","2019-02-01T22:35:16Z","politifact15141_our_1","1"
"3W0XM68YZPIELAXST2AAXY77LHQK1G","A1YSYI926BBOHW","Approved","2019-02-01T22:17:27Z","2019-02-01T22:35:16Z","politifact15141_2","0"
"3W0XM68YZPIELAXST2AAXY77LHQK1G","A1YSYI926BBOHW","Approved","2019-02-01T22:17:27Z","2019-02-01T22:35:16Z","politifact15141_3","2"
"3W0XM68YZPIELAXST2AAXY77LHQK1G","A1YSYI926BBOHW","Approved","2019-02-01T22:17:27Z","2019-02-01T22:35:16Z","politifact15141_4","0"
"3W0XM68YZPIELAXST2AAXY77LHQK1G","A1YSYI926BBOHW","Approved","2019-02-01T22:17:27Z","2019-02-01T22:35:16Z","politifact15141_5","0"
"3RIHDBQ1NELKF9I9G3QB4YFIRBHMHM","A1PUHCEBSOWETV","Approved","2019-02-01T22:02:33Z","2019-02-01T22:35:16Z","politifact13584_our_1","2"
"3RIHDBQ1NELKF9I9G3QB4YFIRBHMHM","A1PUHCEBSOWETV","Approved","2019-02-01T22:02:33Z","2019-02-01T22:35:16Z","politifact13584_2","1"
"3RIHDBQ1NELKF9I9G3QB4YFIRBHMHM","A1PUHCEBSOWETV","Approved","2019-02-01T22:02:33Z","2019-02-01T22:35:16Z","politifact13584_3","0"
"3RIHDBQ1NELKF9I9G3QB4YFIRBHMHM","A1PUHCEBSOWETV","Approved","2019-02-01T22:02:33Z","2019-02-01T22:35:16Z","politifact13584_4","2"
"3RIHDBQ1NELKF9I9G3QB4YFIRBHMHM","A1PUHCEBSOWETV","Approved","2019-02-01T22:02:33Z","2019-02-01T22:35:16Z","politifact13584_5","0"
"3RIHDBQ1NELKF9I9G3QB4YFIRBHMHM","A3542PB4Z0NE80","Approved","2019-02-01T22:13:10Z","2019-02-01T22:35:16Z","politifact13584_our_1","1"
"3RIHDBQ1NELKF9I9G3QB4YFIRBHMHM","A3542PB4Z0NE80","Approved","2019-02-01T22:13:10Z","2019-02-01T22:35:16Z","politifact13584_2","1"
"3RIHDBQ1NELKF9I9G3QB4YFIRBHMHM","A3542PB4Z0NE80","Approved","2019-02-01T22:13:10Z","2019-02-01T22:35:16Z","politifact13584_3","2"
"3RIHDBQ1NELKF9I9G3QB4YFIRBHMHM","A3542PB4Z0NE80","Approved","2019-02-01T22:13:10Z","2019-02-01T22:35:16Z","politifact13584_4","1"
"3RIHDBQ1NELKF9I9G3QB4YFIRBHMHM","A3542PB4Z0NE80","Approved","2019-02-01T22:13:10Z","2019-02-01T22:35:16Z","politifact13584_5","2"
"3RIHDBQ1NELKF9I9G3QB4YFIRBHMHM","A2RMJNF6IPI42F","Approved","2019-02-01T22:18:05Z","2019-02-01T22:35:17Z","politifact13584_our_1","0"
"3RIHDBQ1NELKF9I9G3QB4YFIRBHMHM","A2RMJNF6IPI42F","Approved","2019-02-01T22:18:05Z","2019-02-01T22:35:17Z","politifact13584_2","0"
"3RIHDBQ1NELKF9I9G3QB4YFIRBHMHM","A2RMJNF6IPI42F","Approved","2019-02-01T22:18:05Z","2019-02-01T22:35:17Z","politifact13584_3","0"
"3RIHDBQ1NELKF9I9G3QB4YFIRBHMHM","A2RMJNF6IPI42F","Approved","2019-02-01T22:18:05Z","2019-02-01T22:35:17Z","politifact13584_4","0"
"3RIHDBQ1NELKF9I9G3QB4YFIRBHMHM","A2RMJNF6IPI42F","Approved","2019-02-01T22:18:05Z","2019-02-01T22:35:17Z","politifact13584_5","0"
"31D0ZWOD0AM8283OLSTLPFL1BDQA0O","A1PUHCEBSOWETV","Approved","2019-02-01T22:03:15Z","2019-02-01T22:35:17Z","politifact15147_our_1","4"
"31D0ZWOD0AM8283OLSTLPFL1BDQA0O","A1PUHCEBSOWETV","Approved","2019-02-01T22:03:15Z","2019-02-01T22:35:17Z","politifact15147_2","3"
"31D0ZWOD0AM8283OLSTLPFL1BDQA0O","A1PUHCEBSOWETV","Approved","2019-02-01T22:03:15Z","2019-02-01T22:35:17Z","politifact15147_3","2"
"31D0ZWOD0AM8283OLSTLPFL1BDQA0O","A1PUHCEBSOWETV","Approved","2019-02-01T22:03:15Z","2019-02-01T22:35:17Z","politifact15147_4","4"
"31D0ZWOD0AM8283OLSTLPFL1BDQA0O","A1PUHCEBSOWETV","Approved","2019-02-01T22:03:15Z","2019-02-01T22:35:17Z","politifact15147_5","3"
"31D0ZWOD0AM8283OLSTLPFL1BDQA0O","A2PYZDFLMB8RN6","Approved","2019-02-01T22:10:19Z","2019-02-01T22:35:17Z","politifact15147_our_1","2"
"31D0ZWOD0AM8283OLSTLPFL1BDQA0O","A2PYZDFLMB8RN6","Approved","2019-02-01T22:10:19Z","2019-02-01T22:35:17Z","politifact15147_2","2"
"31D0ZWOD0AM8283OLSTLPFL1BDQA0O","A2PYZDFLMB8RN6","Approved","2019-02-01T22:10:19Z","2019-02-01T22:35:17Z","politifact15147_3","3"
"31D0ZWOD0AM8283OLSTLPFL1BDQA0O","A2PYZDFLMB8RN6","Approved","2019-02-01T22:10:19Z","2019-02-01T22:35:17Z","politifact15147_4","2"
"31D0ZWOD0AM8283OLSTLPFL1BDQA0O","A2PYZDFLMB8RN6","Approved","2019-02-01T22:10:19Z","2019-02-01T22:35:17Z","politifact15147_5","3"
"31D0ZWOD0AM8283OLSTLPFL1BDQA0O","A3542PB4Z0NE80","Approved","2019-02-01T22:16:52Z","2019-02-01T22:35:17Z","politifact15147_our_1","2"
"31D0ZWOD0AM8283OLSTLPFL1BDQA0O","A3542PB4Z0NE80","Approved","2019-02-01T22:16:52Z","2019-02-01T22:35:17Z","politifact15147_2","1"
"31D0ZWOD0AM8283OLSTLPFL1BDQA0O","A3542PB4Z0NE80","Approved","2019-02-01T22:16:52Z","2019-02-01T22:35:17Z","politifact15147_3","1"
"31D0ZWOD0AM8283OLSTLPFL1BDQA0O","A3542PB4Z0NE80","Approved","2019-02-01T22:16:52Z","2019-02-01T22:35:17Z","politifact15147_4","1"
"31D0ZWOD0AM8283OLSTLPFL1BDQA0O","A3542PB4Z0NE80","Approved","2019-02-01T22:16:52Z","2019-02-01T22:35:17Z","politifact15147_5","2"
"3KA7IJSNW6SG9ZC08R87ZR6F13NPB5","A1PUHCEBSOWETV","Approved","2019-02-01T22:03:06Z","2019-02-01T22:35:17Z","politifact15270_our_1","3"
"3KA7IJSNW6SG9ZC08R87ZR6F13NPB5","A1PUHCEBSOWETV","Approved","2019-02-01T22:03:06Z","2019-02-01T22:35:17Z","politifact15270_2","4"
"3KA7IJSNW6SG9ZC08R87ZR6F13NPB5","A1PUHCEBSOWETV","Approved","2019-02-01T22:03:06Z","2019-02-01T22:35:17Z","politifact15270_3","2"
"3KA7IJSNW6SG9ZC08R87ZR6F13NPB5","A1PUHCEBSOWETV","Approved","2019-02-01T22:03:06Z","2019-02-01T22:35:17Z","politifact15270_4","3"
"3KA7IJSNW6SG9ZC08R87ZR6F13NPB5","A1PUHCEBSOWETV","Approved","2019-02-01T22:03:06Z","2019-02-01T22:35:17Z","politifact15270_5","2"
"3KA7IJSNW6SG9ZC08R87ZR6F13NPB5","A2PYZDFLMB8RN6","Approved","2019-02-01T22:10:50Z","2019-02-01T22:35:17Z","politifact15270_our_1","2"
"3KA7IJSNW6SG9ZC08R87ZR6F13NPB5","A2PYZDFLMB8RN6","Approved","2019-02-01T22:10:50Z","2019-02-01T22:35:17Z","politifact15270_2","3"
"3KA7IJSNW6SG9ZC08R87ZR6F13NPB5","A2PYZDFLMB8RN6","Approved","2019-02-01T22:10:50Z","2019-02-01T22:35:17Z","politifact15270_3","3"
"3KA7IJSNW6SG9ZC08R87ZR6F13NPB5","A2PYZDFLMB8RN6","Approved","2019-02-01T22:10:50Z","2019-02-01T22:35:17Z","politifact15270_4","2"
"3KA7IJSNW6SG9ZC08R87ZR6F13NPB5","A2PYZDFLMB8RN6","Approved","2019-02-01T22:10:50Z","2019-02-01T22:35:17Z","politifact15270_5","2"
"3KA7IJSNW6SG9ZC08R87ZR6F13NPB5","A3542PB4Z0NE80","Approved","2019-02-01T22:13:49Z","2019-02-01T22:35:17Z","politifact15270_our_1","0"
"3KA7IJSNW6SG9ZC08R87ZR6F13NPB5","A3542PB4Z0NE80","Approved","2019-02-01T22:13:49Z","2019-02-01T22:35:17Z","politifact15270_2","1"
"3KA7IJSNW6SG9ZC08R87ZR6F13NPB5","A3542PB4Z0NE80","Approved","2019-02-01T22:13:49Z","2019-02-01T22:35:17Z","politifact15270_3","2"
"3KA7IJSNW6SG9ZC08R87ZR6F13NPB5","A3542PB4Z0NE80","Approved","2019-02-01T22:13:49Z","2019-02-01T22:35:17Z","politifact15270_4","2"
"3KA7IJSNW6SG9ZC08R87ZR6F13NPB5","A3542PB4Z0NE80","Approved","2019-02-01T22:13:49Z","2019-02-01T22:35:17Z","politifact15270_5","2"
"388CL5C1RJA09R0OGRPW4L0TR6RHLF","A1PUHCEBSOWETV","Approved","2019-02-01T22:05:56Z","2019-02-01T22:35:18Z","politifact15095_our_1","2"
"388CL5C1RJA09R0OGRPW4L0TR6RHLF","A1PUHCEBSOWETV","Approved","2019-02-01T22:05:56Z","2019-02-01T22:35:18Z","politifact15095_2","1"
"388CL5C1RJA09R0OGRPW4L0TR6RHLF","A1PUHCEBSOWETV","Approved","2019-02-01T22:05:56Z","2019-02-01T22:35:18Z","politifact15095_3","2"
"388CL5C1RJA09R0OGRPW4L0TR6RHLF","A1PUHCEBSOWETV","Approved","2019-02-01T22:05:56Z","2019-02-01T22:35:18Z","politifact15095_4","0"
"388CL5C1RJA09R0OGRPW4L0TR6RHLF","A1PUHCEBSOWETV","Approved","2019-02-01T22:05:56Z","2019-02-01T22:35:18Z","politifact15095_5","4"
"388CL5C1RJA09R0OGRPW4L0TR6RHLF","A1YSYI926BBOHW","Approved","2019-02-01T22:16:09Z","2019-02-01T22:35:18Z","politifact15095_our_1","0"
"388CL5C1RJA09R0OGRPW4L0TR6RHLF","A1YSYI926BBOHW","Approved","2019-02-01T22:16:09Z","2019-02-01T22:35:18Z","politifact15095_2","0"
"388CL5C1RJA09R0OGRPW4L0TR6RHLF","A1YSYI926BBOHW","Approved","2019-02-01T22:16:09Z","2019-02-01T22:35:18Z","politifact15095_3","0"
"388CL5C1RJA09R0OGRPW4L0TR6RHLF","A1YSYI926BBOHW","Approved","2019-02-01T22:16:09Z","2019-02-01T22:35:18Z","politifact15095_4","0"
"388CL5C1RJA09R0OGRPW4L0TR6RHLF","A1YSYI926BBOHW","Approved","2019-02-01T22:16:09Z","2019-02-01T22:35:18Z","politifact15095_5","0"
"388CL5C1RJA09R0OGRPW4L0TR6RHLF","A13WYZ8AXD6ODX","Approved","2019-02-02T00:03:17Z","2019-02-02T05:41:54Z","politifact15095_our_1","0"
"388CL5C1RJA09R0OGRPW4L0TR6RHLF","A13WYZ8AXD6ODX","Approved","2019-02-02T00:03:17Z","2019-02-02T05:41:54Z","politifact15095_2","4"
"388CL5C1RJA09R0OGRPW4L0TR6RHLF","A13WYZ8AXD6ODX","Approved","2019-02-02T00:03:17Z","2019-02-02T05:41:54Z","politifact15095_3","0"
"388CL5C1RJA09R0OGRPW4L0TR6RHLF","A13WYZ8AXD6ODX","Approved","2019-02-02T00:03:17Z","2019-02-02T05:41:54Z","politifact15095_4","1"
"388CL5C1RJA09R0OGRPW4L0TR6RHLF","A13WYZ8AXD6ODX","Approved","2019-02-02T00:03:17Z","2019-02-02T05:41:54Z","politifact15095_5","2"
"3VW0145YLYZG6FDZ43TWGBVX43LMJR","A1PUHCEBSOWETV","Approved","2019-02-01T22:05:05Z","2019-02-01T22:35:19Z","politifact14235_our_1","3"
"3VW0145YLYZG6FDZ43TWGBVX43LMJR","A1PUHCEBSOWETV","Approved","2019-02-01T22:05:05Z","2019-02-01T22:35:19Z","politifact14235_2","4"
"3VW0145YLYZG6FDZ43TWGBVX43LMJR","A1PUHCEBSOWETV","Approved","2019-02-01T22:05:05Z","2019-02-01T22:35:19Z","politifact14235_3","2"
"3VW0145YLYZG6FDZ43TWGBVX43LMJR","A1PUHCEBSOWETV","Approved","2019-02-01T22:05:05Z","2019-02-01T22:35:19Z","politifact14235_4","3"
"3VW0145YLYZG6FDZ43TWGBVX43LMJR","A1PUHCEBSOWETV","Approved","2019-02-01T22:05:05Z","2019-02-01T22:35:19Z","politifact14235_5","4"
"3VW0145YLYZG6FDZ43TWGBVX43LMJR","A2PYZDFLMB8RN6","Approved","2019-02-01T22:15:02Z","2019-02-01T22:35:19Z","politifact14235_our_1","2"
"3VW0145YLYZG6FDZ43TWGBVX43LMJR","A2PYZDFLMB8RN6","Approved","2019-02-01T22:15:02Z","2019-02-01T22:35:19Z","politifact14235_2","3"
"3VW0145YLYZG6FDZ43TWGBVX43LMJR","A2PYZDFLMB8RN6","Approved","2019-02-01T22:15:02Z","2019-02-01T22:35:19Z","politifact14235_3","1"
"3VW0145YLYZG6FDZ43TWGBVX43LMJR","A2PYZDFLMB8RN6","Approved","2019-02-01T22:15:02Z","2019-02-01T22:35:19Z","politifact14235_4","1"
"3VW0145YLYZG6FDZ43TWGBVX43LMJR","A2PYZDFLMB8RN6","Approved","2019-02-01T22:15:02Z","2019-02-01T22:35:19Z","politifact14235_5","3"
"3VW0145YLYZG6FDZ43TWGBVX43LMJR","A1YSYI926BBOHW","Approved","2019-02-01T22:28:25Z","2019-02-01T22:35:19Z","politifact14235_our_1","0"
"3VW0145YLYZG6FDZ43TWGBVX43LMJR","A1YSYI926BBOHW","Approved","2019-02-01T22:28:25Z","2019-02-01T22:35:19Z","politifact14235_2","0"
"3VW0145YLYZG6FDZ43TWGBVX43LMJR","A1YSYI926BBOHW","Approved","2019-02-01T22:28:25Z","2019-02-01T22:35:19Z","politifact14235_3","0"
"3VW0145YLYZG6FDZ43TWGBVX43LMJR","A1YSYI926BBOHW","Approved","2019-02-01T22:28:25Z","2019-02-01T22:35:19Z","politifact14235_4","0"
"3VW0145YLYZG6FDZ43TWGBVX43LMJR","A1YSYI926BBOHW","Approved","2019-02-01T22:28:25Z","2019-02-01T22:35:19Z","politifact14235_5","0"
"31S7M7DAGGDQE0RJGL6LI43H20MTL1","A1PUHCEBSOWETV","Approved","2019-02-01T22:09:47Z","2019-02-01T22:35:19Z","politifact14095_our_1","4"
"31S7M7DAGGDQE0RJGL6LI43H20MTL1","A1PUHCEBSOWETV","Approved","2019-02-01T22:09:47Z","2019-02-01T22:35:19Z","politifact14095_2","3"
"31S7M7DAGGDQE0RJGL6LI43H20MTL1","A1PUHCEBSOWETV","Approved","2019-02-01T22:09:47Z","2019-02-01T22:35:19Z","politifact14095_3","2"
"31S7M7DAGGDQE0RJGL6LI43H20MTL1","A1PUHCEBSOWETV","Approved","2019-02-01T22:09:47Z","2019-02-01T22:35:19Z","politifact14095_4","3"
"31S7M7DAGGDQE0RJGL6LI43H20MTL1","A1PUHCEBSOWETV","Approved","2019-02-01T22:09:47Z","2019-02-01T22:35:19Z","politifact14095_5","2"
"31S7M7DAGGDQE0RJGL6LI43H20MTL1","A1YSYI926BBOHW","Approved","2019-02-01T22:16:57Z","2019-02-01T22:35:19Z","politifact14095_our_1","0"
"31S7M7DAGGDQE0RJGL6LI43H20MTL1","A1YSYI926BBOHW","Approved","2019-02-01T22:16:57Z","2019-02-01T22:35:19Z","politifact14095_2","0"
"31S7M7DAGGDQE0RJGL6LI43H20MTL1","A1YSYI926BBOHW","Approved","2019-02-01T22:16:57Z","2019-02-01T22:35:19Z","politifact14095_3","0"
"31S7M7DAGGDQE0RJGL6LI43H20MTL1","A1YSYI926BBOHW","Approved","2019-02-01T22:16:57Z","2019-02-01T22:35:19Z","politifact14095_4","0"
"31S7M7DAGGDQE0RJGL6LI43H20MTL1","A1YSYI926BBOHW","Approved","2019-02-01T22:16:57Z","2019-02-01T22:35:19Z","politifact14095_5","0"
"31S7M7DAGGDQE0RJGL6LI43H20MTL1","A2RMJNF6IPI42F","Approved","2019-02-01T22:24:01Z","2019-02-01T22:35:19Z","politifact14095_our_1","0"
"31S7M7DAGGDQE0RJGL6LI43H20MTL1","A2RMJNF6IPI42F","Approved","2019-02-01T22:24:01Z","2019-02-01T22:35:19Z","politifact14095_2","0"
"31S7M7DAGGDQE0RJGL6LI43H20MTL1","A2RMJNF6IPI42F","Approved","2019-02-01T22:24:01Z","2019-02-01T22:35:19Z","politifact14095_3","0"
"31S7M7DAGGDQE0RJGL6LI43H20MTL1","A2RMJNF6IPI42F","Approved","2019-02-01T22:24:01Z","2019-02-01T22:35:19Z","politifact14095_4","0"
"31S7M7DAGGDQE0RJGL6LI43H20MTL1","A2RMJNF6IPI42F","Approved","2019-02-01T22:24:01Z","2019-02-01T22:35:19Z","politifact14095_5","0"
"37G6BXQPLQ8ZGEPZIVPM042A9WMEQL","A1PUHCEBSOWETV","Approved","2019-02-01T22:03:40Z","2019-02-01T22:35:19Z","politifact14840_our_1","3"
"37G6BXQPLQ8ZGEPZIVPM042A9WMEQL","A1PUHCEBSOWETV","Approved","2019-02-01T22:03:40Z","2019-02-01T22:35:19Z","politifact14840_2","2"
"37G6BXQPLQ8ZGEPZIVPM042A9WMEQL","A1PUHCEBSOWETV","Approved","2019-02-01T22:03:40Z","2019-02-01T22:35:19Z","politifact14840_3","3"
"37G6BXQPLQ8ZGEPZIVPM042A9WMEQL","A1PUHCEBSOWETV","Approved","2019-02-01T22:03:40Z","2019-02-01T22:35:19Z","politifact14840_4","4"
"37G6BXQPLQ8ZGEPZIVPM042A9WMEQL","A1PUHCEBSOWETV","Approved","2019-02-01T22:03:40Z","2019-02-01T22:35:19Z","politifact14840_5","2"
"37G6BXQPLQ8ZGEPZIVPM042A9WMEQL","A1YSYI926BBOHW","Approved","2019-02-01T22:23:47Z","2019-02-01T22:35:20Z","politifact14840_our_1","0"
"37G6BXQPLQ8ZGEPZIVPM042A9WMEQL","A1YSYI926BBOHW","Approved","2019-02-01T22:23:47Z","2019-02-01T22:35:20Z","politifact14840_2","2"
"37G6BXQPLQ8ZGEPZIVPM042A9WMEQL","A1YSYI926BBOHW","Approved","2019-02-01T22:23:47Z","2019-02-01T22:35:20Z","politifact14840_3","2"
"37G6BXQPLQ8ZGEPZIVPM042A9WMEQL","A1YSYI926BBOHW","Approved","2019-02-01T22:23:47Z","2019-02-01T22:35:20Z","politifact14840_4","2"
"37G6BXQPLQ8ZGEPZIVPM042A9WMEQL","A1YSYI926BBOHW","Approved","2019-02-01T22:23:47Z","2019-02-01T22:35:20Z","politifact14840_5","0"
"37G6BXQPLQ8ZGEPZIVPM042A9WMEQL","AG263U3LX899H","Approved","2019-02-03T20:01:48Z","2019-02-03T20:34:57Z","politifact14840_our_1","1"
"37G6BXQPLQ8ZGEPZIVPM042A9WMEQL","AG263U3LX899H","Approved","2019-02-03T20:01:48Z","2019-02-03T20:34:57Z","politifact14840_2","3"
"37G6BXQPLQ8ZGEPZIVPM042A9WMEQL","AG263U3LX899H","Approved","2019-02-03T20:01:48Z","2019-02-03T20:34:57Z","politifact14840_3","3"
"37G6BXQPLQ8ZGEPZIVPM042A9WMEQL","AG263U3LX899H","Approved","2019-02-03T20:01:48Z","2019-02-03T20:34:57Z","politifact14840_4","3"
"37G6BXQPLQ8ZGEPZIVPM042A9WMEQL","AG263U3LX899H","Approved","2019-02-03T20:01:48Z","2019-02-03T20:34:57Z","politifact14840_5","4"
"36U4VBVNQO0GHB1LLATR9CYIR6IRUG","A1PUHCEBSOWETV","Approved","2019-02-01T22:05:18Z","2019-02-01T22:35:20Z","politifact14664_our_1","4"
"36U4VBVNQO0GHB1LLATR9CYIR6IRUG","A1PUHCEBSOWETV","Approved","2019-02-01T22:05:18Z","2019-02-01T22:35:20Z","politifact14664_2","3"
"36U4VBVNQO0GHB1LLATR9CYIR6IRUG","A1PUHCEBSOWETV","Approved","2019-02-01T22:05:18Z","2019-02-01T22:35:20Z","politifact14664_3","4"
"36U4VBVNQO0GHB1LLATR9CYIR6IRUG","A1PUHCEBSOWETV","Approved","2019-02-01T22:05:18Z","2019-02-01T22:35:20Z","politifact14664_4","3"
"36U4VBVNQO0GHB1LLATR9CYIR6IRUG","A1PUHCEBSOWETV","Approved","2019-02-01T22:05:18Z","2019-02-01T22:35:20Z","politifact14664_5","3"
"36U4VBVNQO0GHB1LLATR9CYIR6IRUG","A2PYZDFLMB8RN6","Approved","2019-02-01T22:12:04Z","2019-02-01T22:35:20Z","politifact14664_our_1","2"
"36U4VBVNQO0GHB1LLATR9CYIR6IRUG","A2PYZDFLMB8RN6","Approved","2019-02-01T22:12:04Z","2019-02-01T22:35:20Z","politifact14664_2","2"
"36U4VBVNQO0GHB1LLATR9CYIR6IRUG","A2PYZDFLMB8RN6","Approved","2019-02-01T22:12:04Z","2019-02-01T22:35:20Z","politifact14664_3","1"
"36U4VBVNQO0GHB1LLATR9CYIR6IRUG","A2PYZDFLMB8RN6","Approved","2019-02-01T22:12:04Z","2019-02-01T22:35:20Z","politifact14664_4","3"
"36U4VBVNQO0GHB1LLATR9CYIR6IRUG","A2PYZDFLMB8RN6","Approved","2019-02-01T22:12:04Z","2019-02-01T22:35:20Z","politifact14664_5","3"
"36U4VBVNQO0GHB1LLATR9CYIR6IRUG","A1YQ1959RN1UK7","Approved","2019-02-01T23:59:15Z","2019-02-02T05:41:55Z","politifact14664_our_1","1"
"36U4VBVNQO0GHB1LLATR9CYIR6IRUG","A1YQ1959RN1UK7","Approved","2019-02-01T23:59:15Z","2019-02-02T05:41:55Z","politifact14664_2","0"
"36U4VBVNQO0GHB1LLATR9CYIR6IRUG","A1YQ1959RN1UK7","Approved","2019-02-01T23:59:15Z","2019-02-02T05:41:55Z","politifact14664_3","0"
"36U4VBVNQO0GHB1LLATR9CYIR6IRUG","A1YQ1959RN1UK7","Approved","2019-02-01T23:59:15Z","2019-02-02T05:41:55Z","politifact14664_4","0"
"36U4VBVNQO0GHB1LLATR9CYIR6IRUG","A1YQ1959RN1UK7","Approved","2019-02-01T23:59:15Z","2019-02-02T05:41:55Z","politifact14664_5","0"
"3VIVIU06FKZKB4TTML8W4AGXROWMIF","A1PUHCEBSOWETV","Approved","2019-02-01T22:03:34Z","2019-02-01T22:35:20Z","politifact14832_our_1","3"
"3VIVIU06FKZKB4TTML8W4AGXROWMIF","A1PUHCEBSOWETV","Approved","2019-02-01T22:03:34Z","2019-02-01T22:35:20Z","politifact14832_2","4"
"3VIVIU06FKZKB4TTML8W4AGXROWMIF","A1PUHCEBSOWETV","Approved","2019-02-01T22:03:34Z","2019-02-01T22:35:20Z","politifact14832_3","2"
"3VIVIU06FKZKB4TTML8W4AGXROWMIF","A1PUHCEBSOWETV","Approved","2019-02-01T22:03:34Z","2019-02-01T22:35:20Z","politifact14832_4","4"
"3VIVIU06FKZKB4TTML8W4AGXROWMIF","A1PUHCEBSOWETV","Approved","2019-02-01T22:03:34Z","2019-02-01T22:35:20Z","politifact14832_5","3"
"3VIVIU06FKZKB4TTML8W4AGXROWMIF","A2PYZDFLMB8RN6","Approved","2019-02-01T22:13:25Z","2019-02-01T22:35:20Z","politifact14832_our_1","2"
"3VIVIU06FKZKB4TTML8W4AGXROWMIF","A2PYZDFLMB8RN6","Approved","2019-02-01T22:13:25Z","2019-02-01T22:35:20Z","politifact14832_2","3"
"3VIVIU06FKZKB4TTML8W4AGXROWMIF","A2PYZDFLMB8RN6","Approved","2019-02-01T22:13:25Z","2019-02-01T22:35:20Z","politifact14832_3","2"
"3VIVIU06FKZKB4TTML8W4AGXROWMIF","A2PYZDFLMB8RN6","Approved","2019-02-01T22:13:25Z","2019-02-01T22:35:20Z","politifact14832_4","3"
"3VIVIU06FKZKB4TTML8W4AGXROWMIF","A2PYZDFLMB8RN6","Approved","2019-02-01T22:13:25Z","2019-02-01T22:35:20Z","politifact14832_5","3"
"3VIVIU06FKZKB4TTML8W4AGXROWMIF","A2RMJNF6IPI42F","Approved","2019-02-01T22:24:20Z","2019-02-01T22:35:20Z","politifact14832_our_1","0"
"3VIVIU06FKZKB4TTML8W4AGXROWMIF","A2RMJNF6IPI42F","Approved","2019-02-01T22:24:20Z","2019-02-01T22:35:20Z","politifact14832_2","0"
"3VIVIU06FKZKB4TTML8W4AGXROWMIF","A2RMJNF6IPI42F","Approved","2019-02-01T22:24:20Z","2019-02-01T22:35:20Z","politifact14832_3","2"
"3VIVIU06FKZKB4TTML8W4AGXROWMIF","A2RMJNF6IPI42F","Approved","2019-02-01T22:24:20Z","2019-02-01T22:35:20Z","politifact14832_4","3"
"3VIVIU06FKZKB4TTML8W4AGXROWMIF","A2RMJNF6IPI42F","Approved","2019-02-01T22:24:20Z","2019-02-01T22:35:20Z","politifact14832_5","1"
"30ZKOOGW2WT89XO6HBXL3K4BG5WA1R","A1PUHCEBSOWETV","Approved","2019-02-01T22:04:05Z","2019-02-01T22:35:20Z","politifact13905_our_1","3"
"30ZKOOGW2WT89XO6HBXL3K4BG5WA1R","A1PUHCEBSOWETV","Approved","2019-02-01T22:04:05Z","2019-02-01T22:35:20Z","politifact13905_2","4"
"30ZKOOGW2WT89XO6HBXL3K4BG5WA1R","A1PUHCEBSOWETV","Approved","2019-02-01T22:04:05Z","2019-02-01T22:35:20Z","politifact13905_3","2"
"30ZKOOGW2WT89XO6HBXL3K4BG5WA1R","A1PUHCEBSOWETV","Approved","2019-02-01T22:04:05Z","2019-02-01T22:35:20Z","politifact13905_4","2"
"30ZKOOGW2WT89XO6HBXL3K4BG5WA1R","A1PUHCEBSOWETV","Approved","2019-02-01T22:04:05Z","2019-02-01T22:35:20Z","politifact13905_5","4"
"30ZKOOGW2WT89XO6HBXL3K4BG5WA1R","A2PYZDFLMB8RN6","Approved","2019-02-01T22:14:28Z","2019-02-01T22:35:21Z","politifact13905_our_1","2"
"30ZKOOGW2WT89XO6HBXL3K4BG5WA1R","A2PYZDFLMB8RN6","Approved","2019-02-01T22:14:28Z","2019-02-01T22:35:21Z","politifact13905_2","2"
"30ZKOOGW2WT89XO6HBXL3K4BG5WA1R","A2PYZDFLMB8RN6","Approved","2019-02-01T22:14:28Z","2019-02-01T22:35:21Z","politifact13905_3","3"
"30ZKOOGW2WT89XO6HBXL3K4BG5WA1R","A2PYZDFLMB8RN6","Approved","2019-02-01T22:14:28Z","2019-02-01T22:35:21Z","politifact13905_4","2"
"30ZKOOGW2WT89XO6HBXL3K4BG5WA1R","A2PYZDFLMB8RN6","Approved","2019-02-01T22:14:28Z","2019-02-01T22:35:21Z","politifact13905_5","1"
"30ZKOOGW2WT89XO6HBXL3K4BG5WA1R","A2RMJNF6IPI42F","Approved","2019-02-01T22:23:48Z","2019-02-01T22:35:21Z","politifact13905_our_1","0"
"30ZKOOGW2WT89XO6HBXL3K4BG5WA1R","A2RMJNF6IPI42F","Approved","2019-02-01T22:23:48Z","2019-02-01T22:35:21Z","politifact13905_2","0"
"30ZKOOGW2WT89XO6HBXL3K4BG5WA1R","A2RMJNF6IPI42F","Approved","2019-02-01T22:23:48Z","2019-02-01T22:35:21Z","politifact13905_3","0"
"30ZKOOGW2WT89XO6HBXL3K4BG5WA1R","A2RMJNF6IPI42F","Approved","2019-02-01T22:23:48Z","2019-02-01T22:35:21Z","politifact13905_4","0"
"30ZKOOGW2WT89XO6HBXL3K4BG5WA1R","A2RMJNF6IPI42F","Approved","2019-02-01T22:23:48Z","2019-02-01T22:35:21Z","politifact13905_5","0"
"3IKMEYR0LWILAVFOC6AO2HHCDN4K2X","A1PUHCEBSOWETV","Approved","2019-02-01T22:04:16Z","2019-02-01T22:35:21Z","politifact14908_our_1","4"
"3IKMEYR0LWILAVFOC6AO2HHCDN4K2X","A1PUHCEBSOWETV","Approved","2019-02-01T22:04:16Z","2019-02-01T22:35:21Z","politifact14908_2","3"
"3IKMEYR0LWILAVFOC6AO2HHCDN4K2X","A1PUHCEBSOWETV","Approved","2019-02-01T22:04:16Z","2019-02-01T22:35:21Z","politifact14908_3","2"
"3IKMEYR0LWILAVFOC6AO2HHCDN4K2X","A1PUHCEBSOWETV","Approved","2019-02-01T22:04:16Z","2019-02-01T22:35:21Z","politifact14908_4","4"
"3IKMEYR0LWILAVFOC6AO2HHCDN4K2X","A1PUHCEBSOWETV","Approved","2019-02-01T22:04:16Z","2019-02-01T22:35:21Z","politifact14908_5","2"
"3IKMEYR0LWILAVFOC6AO2HHCDN4K2X","A2PYZDFLMB8RN6","Approved","2019-02-01T22:12:24Z","2019-02-01T22:35:21Z","politifact14908_our_1","3"
"3IKMEYR0LWILAVFOC6AO2HHCDN4K2X","A2PYZDFLMB8RN6","Approved","2019-02-01T22:12:24Z","2019-02-01T22:35:21Z","politifact14908_2","2"
"3IKMEYR0LWILAVFOC6AO2HHCDN4K2X","A2PYZDFLMB8RN6","Approved","2019-02-01T22:12:24Z","2019-02-01T22:35:21Z","politifact14908_3","1"
"3IKMEYR0LWILAVFOC6AO2HHCDN4K2X","A2PYZDFLMB8RN6","Approved","2019-02-01T22:12:24Z","2019-02-01T22:35:21Z","politifact14908_4","2"
"3IKMEYR0LWILAVFOC6AO2HHCDN4K2X","A2PYZDFLMB8RN6","Approved","2019-02-01T22:12:24Z","2019-02-01T22:35:21Z","politifact14908_5","3"
"3IKMEYR0LWILAVFOC6AO2HHCDN4K2X","AG263U3LX899H","Approved","2019-02-03T19:56:20Z","2019-02-03T20:34:57Z","politifact14908_our_1","1"
"3IKMEYR0LWILAVFOC6AO2HHCDN4K2X","AG263U3LX899H","Approved","2019-02-03T19:56:20Z","2019-02-03T20:34:57Z","politifact14908_2","0"
"3IKMEYR0LWILAVFOC6AO2HHCDN4K2X","AG263U3LX899H","Approved","2019-02-03T19:56:20Z","2019-02-03T20:34:57Z","politifact14908_3","3"
"3IKMEYR0LWILAVFOC6AO2HHCDN4K2X","AG263U3LX899H","Approved","2019-02-03T19:56:20Z","2019-02-03T20:34:57Z","politifact14908_4","2"
"3IKMEYR0LWILAVFOC6AO2HHCDN4K2X","AG263U3LX899H","Approved","2019-02-03T19:56:20Z","2019-02-03T20:34:57Z","politifact14908_5","2"
"3H1C3QRA016VMDFGDDORGZDT5HLCEE","A1PUHCEBSOWETV","Approved","2019-02-01T22:03:22Z","2019-02-01T22:35:21Z","politifact15534_our_1","3"
"3H1C3QRA016VMDFGDDORGZDT5HLCEE","A1PUHCEBSOWETV","Approved","2019-02-01T22:03:22Z","2019-02-01T22:35:21Z","politifact15534_2","1"
"3H1C3QRA016VMDFGDDORGZDT5HLCEE","A1PUHCEBSOWETV","Approved","2019-02-01T22:03:22Z","2019-02-01T22:35:21Z","politifact15534_3","4"
"3H1C3QRA016VMDFGDDORGZDT5HLCEE","A1PUHCEBSOWETV","Approved","2019-02-01T22:03:22Z","2019-02-01T22:35:21Z","politifact15534_4","3"
"3H1C3QRA016VMDFGDDORGZDT5HLCEE","A1PUHCEBSOWETV","Approved","2019-02-01T22:03:22Z","2019-02-01T22:35:21Z","politifact15534_5","4"
"3H1C3QRA016VMDFGDDORGZDT5HLCEE","A2PYZDFLMB8RN6","Approved","2019-02-01T22:13:57Z","2019-02-01T22:35:21Z","politifact15534_our_1","1"
"3H1C3QRA016VMDFGDDORGZDT5HLCEE","A2PYZDFLMB8RN6","Approved","2019-02-01T22:13:57Z","2019-02-01T22:35:21Z","politifact15534_2","2"
"3H1C3QRA016VMDFGDDORGZDT5HLCEE","A2PYZDFLMB8RN6","Approved","2019-02-01T22:13:57Z","2019-02-01T22:35:21Z","politifact15534_3","3"
"3H1C3QRA016VMDFGDDORGZDT5HLCEE","A2PYZDFLMB8RN6","Approved","2019-02-01T22:13:57Z","2019-02-01T22:35:21Z","politifact15534_4","3"
"3H1C3QRA016VMDFGDDORGZDT5HLCEE","A2PYZDFLMB8RN6","Approved","2019-02-01T22:13:57Z","2019-02-01T22:35:21Z","politifact15534_5","1"
"3H1C3QRA016VMDFGDDORGZDT5HLCEE","A1YSYI926BBOHW","Approved","2019-02-01T22:14:21Z","2019-02-01T22:35:21Z","politifact15534_our_1","0"
"3H1C3QRA016VMDFGDDORGZDT5HLCEE","A1YSYI926BBOHW","Approved","2019-02-01T22:14:21Z","2019-02-01T22:35:21Z","politifact15534_2","0"
"3H1C3QRA016VMDFGDDORGZDT5HLCEE","A1YSYI926BBOHW","Approved","2019-02-01T22:14:21Z","2019-02-01T22:35:21Z","politifact15534_3","0"
"3H1C3QRA016VMDFGDDORGZDT5HLCEE","A1YSYI926BBOHW","Approved","2019-02-01T22:14:21Z","2019-02-01T22:35:21Z","politifact15534_4","0"
"3H1C3QRA016VMDFGDDORGZDT5HLCEE","A1YSYI926BBOHW","Approved","2019-02-01T22:14:21Z","2019-02-01T22:35:21Z","politifact15534_5","0"
"3RIHDBQ1NELKF9I9G3QB4YFIRBHHMH","A1PUHCEBSOWETV","Approved","2019-02-01T22:03:31Z","2019-02-01T22:35:22Z","politifact13560_our_1","3"
"3RIHDBQ1NELKF9I9G3QB4YFIRBHHMH","A1PUHCEBSOWETV","Approved","2019-02-01T22:03:31Z","2019-02-01T22:35:22Z","politifact13560_2","4"
"3RIHDBQ1NELKF9I9G3QB4YFIRBHHMH","A1PUHCEBSOWETV","Approved","2019-02-01T22:03:31Z","2019-02-01T22:35:22Z","politifact13560_3","3"
"3RIHDBQ1NELKF9I9G3QB4YFIRBHHMH","A1PUHCEBSOWETV","Approved","2019-02-01T22:03:31Z","2019-02-01T22:35:22Z","politifact13560_4","4"
"3RIHDBQ1NELKF9I9G3QB4YFIRBHHMH","A1PUHCEBSOWETV","Approved","2019-02-01T22:03:31Z","2019-02-01T22:35:22Z","politifact13560_5","3"
"3RIHDBQ1NELKF9I9G3QB4YFIRBHHMH","A16LBGD84U0S4P","Approved","2019-02-01T22:05:33Z","2019-02-01T22:35:22Z","politifact13560_our_1","3"
"3RIHDBQ1NELKF9I9G3QB4YFIRBHHMH","A16LBGD84U0S4P","Approved","2019-02-01T22:05:33Z","2019-02-01T22:35:22Z","politifact13560_2","0"
"3RIHDBQ1NELKF9I9G3QB4YFIRBHHMH","A16LBGD84U0S4P","Approved","2019-02-01T22:05:33Z","2019-02-01T22:35:22Z","politifact13560_3","1"
"3RIHDBQ1NELKF9I9G3QB4YFIRBHHMH","A16LBGD84U0S4P","Approved","2019-02-01T22:05:33Z","2019-02-01T22:35:22Z","politifact13560_4","0"
"3RIHDBQ1NELKF9I9G3QB4YFIRBHHMH","A16LBGD84U0S4P","Approved","2019-02-01T22:05:33Z","2019-02-01T22:35:22Z","politifact13560_5","1"
"3RIHDBQ1NELKF9I9G3QB4YFIRBHHMH","A3542PB4Z0NE80","Approved","2019-02-01T22:12:50Z","2019-02-01T22:35:22Z","politifact13560_our_1","0"
"3RIHDBQ1NELKF9I9G3QB4YFIRBHHMH","A3542PB4Z0NE80","Approved","2019-02-01T22:12:50Z","2019-02-01T22:35:22Z","politifact13560_2","1"
"3RIHDBQ1NELKF9I9G3QB4YFIRBHHMH","A3542PB4Z0NE80","Approved","2019-02-01T22:12:50Z","2019-02-01T22:35:22Z","politifact13560_3","1"
"3RIHDBQ1NELKF9I9G3QB4YFIRBHHMH","A3542PB4Z0NE80","Approved","2019-02-01T22:12:50Z","2019-02-01T22:35:22Z","politifact13560_4","1"
"3RIHDBQ1NELKF9I9G3QB4YFIRBHHMH","A3542PB4Z0NE80","Approved","2019-02-01T22:12:50Z","2019-02-01T22:35:22Z","politifact13560_5","1"
"3MJ9GGZYO3TFYI620FXZ83EG8BAA28","A1PUHCEBSOWETV","Approved","2019-02-01T22:06:28Z","2019-02-01T22:35:22Z","politifact15206_our_1","4"
"3MJ9GGZYO3TFYI620FXZ83EG8BAA28","A1PUHCEBSOWETV","Approved","2019-02-01T22:06:28Z","2019-02-01T22:35:22Z","politifact15206_2","4"
"3MJ9GGZYO3TFYI620FXZ83EG8BAA28","A1PUHCEBSOWETV","Approved","2019-02-01T22:06:28Z","2019-02-01T22:35:22Z","politifact15206_3","4"
"3MJ9GGZYO3TFYI620FXZ83EG8BAA28","A1PUHCEBSOWETV","Approved","2019-02-01T22:06:28Z","2019-02-01T22:35:22Z","politifact15206_4","4"
"3MJ9GGZYO3TFYI620FXZ83EG8BAA28","A1PUHCEBSOWETV","Approved","2019-02-01T22:06:28Z","2019-02-01T22:35:22Z","politifact15206_5","4"
"3MJ9GGZYO3TFYI620FXZ83EG8BAA28","A2PYZDFLMB8RN6","Approved","2019-02-01T22:12:40Z","2019-02-01T22:35:22Z","politifact15206_our_1","2"
"3MJ9GGZYO3TFYI620FXZ83EG8BAA28","A2PYZDFLMB8RN6","Approved","2019-02-01T22:12:40Z","2019-02-01T22:35:22Z","politifact15206_2","3"
"3MJ9GGZYO3TFYI620FXZ83EG8BAA28","A2PYZDFLMB8RN6","Approved","2019-02-01T22:12:40Z","2019-02-01T22:35:22Z","politifact15206_3","3"
"3MJ9GGZYO3TFYI620FXZ83EG8BAA28","A2PYZDFLMB8RN6","Approved","2019-02-01T22:12:40Z","2019-02-01T22:35:22Z","politifact15206_4","2"
"3MJ9GGZYO3TFYI620FXZ83EG8BAA28","A2PYZDFLMB8RN6","Approved","2019-02-01T22:12:40Z","2019-02-01T22:35:22Z","politifact15206_5","1"
"3MJ9GGZYO3TFYI620FXZ83EG8BAA28","A1YSYI926BBOHW","Approved","2019-02-01T22:24:26Z","2019-02-01T22:35:22Z","politifact15206_our_1","0"
"3MJ9GGZYO3TFYI620FXZ83EG8BAA28","A1YSYI926BBOHW","Approved","2019-02-01T22:24:26Z","2019-02-01T22:35:22Z","politifact15206_2","0"
"3MJ9GGZYO3TFYI620FXZ83EG8BAA28","A1YSYI926BBOHW","Approved","2019-02-01T22:24:26Z","2019-02-01T22:35:22Z","politifact15206_3","0"
"3MJ9GGZYO3TFYI620FXZ83EG8BAA28","A1YSYI926BBOHW","Approved","2019-02-01T22:24:26Z","2019-02-01T22:35:22Z","politifact15206_4","0"
"3MJ9GGZYO3TFYI620FXZ83EG8BAA28","A1YSYI926BBOHW","Approved","2019-02-01T22:24:26Z","2019-02-01T22:35:22Z","politifact15206_5","0"
"3ZXV7Q5FJBBNSRFC8O8XYHYTHI0CFW","A1PUHCEBSOWETV","Approved","2019-02-01T22:02:45Z","2019-02-01T22:35:22Z","politifact14771_our_1","1"
"3ZXV7Q5FJBBNSRFC8O8XYHYTHI0CFW","A1PUHCEBSOWETV","Approved","2019-02-01T22:02:45Z","2019-02-01T22:35:22Z","politifact14771_2","2"
"3ZXV7Q5FJBBNSRFC8O8XYHYTHI0CFW","A1PUHCEBSOWETV","Approved","2019-02-01T22:02:45Z","2019-02-01T22:35:22Z","politifact14771_3","0"
"3ZXV7Q5FJBBNSRFC8O8XYHYTHI0CFW","A1PUHCEBSOWETV","Approved","2019-02-01T22:02:45Z","2019-02-01T22:35:22Z","politifact14771_4","1"
"3ZXV7Q5FJBBNSRFC8O8XYHYTHI0CFW","A1PUHCEBSOWETV","Approved","2019-02-01T22:02:45Z","2019-02-01T22:35:22Z","politifact14771_5","2"
"3ZXV7Q5FJBBNSRFC8O8XYHYTHI0CFW","A1GL5AQV7VT91U","Approved","2019-02-01T22:03:44Z","2019-02-01T22:35:23Z","politifact14771_our_1","0"
"3ZXV7Q5FJBBNSRFC8O8XYHYTHI0CFW","A1GL5AQV7VT91U","Approved","2019-02-01T22:03:44Z","2019-02-01T22:35:23Z","politifact14771_2","1"
"3ZXV7Q5FJBBNSRFC8O8XYHYTHI0CFW","A1GL5AQV7VT91U","Approved","2019-02-01T22:03:44Z","2019-02-01T22:35:23Z","politifact14771_3","2"
"3ZXV7Q5FJBBNSRFC8O8XYHYTHI0CFW","A1GL5AQV7VT91U","Approved","2019-02-01T22:03:44Z","2019-02-01T22:35:23Z","politifact14771_4","2"
"3ZXV7Q5FJBBNSRFC8O8XYHYTHI0CFW","A1GL5AQV7VT91U","Approved","2019-02-01T22:03:44Z","2019-02-01T22:35:23Z","politifact14771_5","3"
"3ZXV7Q5FJBBNSRFC8O8XYHYTHI0CFW","A2PYZDFLMB8RN6","Approved","2019-02-01T22:15:22Z","2019-02-01T22:35:23Z","politifact14771_our_1","1"
"3ZXV7Q5FJBBNSRFC8O8XYHYTHI0CFW","A2PYZDFLMB8RN6","Approved","2019-02-01T22:15:22Z","2019-02-01T22:35:23Z","politifact14771_2","2"
"3ZXV7Q5FJBBNSRFC8O8XYHYTHI0CFW","A2PYZDFLMB8RN6","Approved","2019-02-01T22:15:22Z","2019-02-01T22:35:23Z","politifact14771_3","2"
"3ZXV7Q5FJBBNSRFC8O8XYHYTHI0CFW","A2PYZDFLMB8RN6","Approved","2019-02-01T22:15:22Z","2019-02-01T22:35:23Z","politifact14771_4","1"
"3ZXV7Q5FJBBNSRFC8O8XYHYTHI0CFW","A2PYZDFLMB8RN6","Approved","2019-02-01T22:15:22Z","2019-02-01T22:35:23Z","politifact14771_5","2"
"3LG268AV38TZSF4ZVAEM5UCF5IOERM","A1PUHCEBSOWETV","Approved","2019-02-01T22:09:44Z","2019-02-01T22:35:23Z","politifact14003_our_1","4"
"3LG268AV38TZSF4ZVAEM5UCF5IOERM","A1PUHCEBSOWETV","Approved","2019-02-01T22:09:44Z","2019-02-01T22:35:23Z","politifact14003_2","3"
"3LG268AV38TZSF4ZVAEM5UCF5IOERM","A1PUHCEBSOWETV","Approved","2019-02-01T22:09:44Z","2019-02-01T22:35:23Z","politifact14003_3","3"
"3LG268AV38TZSF4ZVAEM5UCF5IOERM","A1PUHCEBSOWETV","Approved","2019-02-01T22:09:44Z","2019-02-01T22:35:23Z","politifact14003_4","4"
"3LG268AV38TZSF4ZVAEM5UCF5IOERM","A1PUHCEBSOWETV","Approved","2019-02-01T22:09:44Z","2019-02-01T22:35:23Z","politifact14003_5","3"
"3LG268AV38TZSF4ZVAEM5UCF5IOERM","A1YSYI926BBOHW","Approved","2019-02-01T22:24:38Z","2019-02-01T22:35:23Z","politifact14003_our_1","0"
"3LG268AV38TZSF4ZVAEM5UCF5IOERM","A1YSYI926BBOHW","Approved","2019-02-01T22:24:38Z","2019-02-01T22:35:23Z","politifact14003_2","0"
"3LG268AV38TZSF4ZVAEM5UCF5IOERM","A1YSYI926BBOHW","Approved","2019-02-01T22:24:38Z","2019-02-01T22:35:23Z","politifact14003_3","0"
"3LG268AV38TZSF4ZVAEM5UCF5IOERM","A1YSYI926BBOHW","Approved","2019-02-01T22:24:38Z","2019-02-01T22:35:23Z","politifact14003_4","0"
"3LG268AV38TZSF4ZVAEM5UCF5IOERM","A1YSYI926BBOHW","Approved","2019-02-01T22:24:38Z","2019-02-01T22:35:23Z","politifact14003_5","0"
"3LG268AV38TZSF4ZVAEM5UCF5IOERM","A13WYZ8AXD6ODX","Approved","2019-02-02T00:02:04Z","2019-02-02T05:41:57Z","politifact14003_our_1","2"
"3LG268AV38TZSF4ZVAEM5UCF5IOERM","A13WYZ8AXD6ODX","Approved","2019-02-02T00:02:04Z","2019-02-02T05:41:57Z","politifact14003_2","2"
"3LG268AV38TZSF4ZVAEM5UCF5IOERM","A13WYZ8AXD6ODX","Approved","2019-02-02T00:02:04Z","2019-02-02T05:41:57Z","politifact14003_3","1"
"3LG268AV38TZSF4ZVAEM5UCF5IOERM","A13WYZ8AXD6ODX","Approved","2019-02-02T00:02:04Z","2019-02-02T05:41:57Z","politifact14003_4","0"
"3LG268AV38TZSF4ZVAEM5UCF5IOERM","A13WYZ8AXD6ODX","Approved","2019-02-02T00:02:04Z","2019-02-02T05:41:57Z","politifact14003_5","0"
"36818Z1KV304J02L4FB4RDJ8EPAA3J","A1PUHCEBSOWETV","Approved","2019-02-01T22:06:22Z","2019-02-01T22:35:23Z","politifact14259_our_1","4"
"36818Z1KV304J02L4FB4RDJ8EPAA3J","A1PUHCEBSOWETV","Approved","2019-02-01T22:06:22Z","2019-02-01T22:35:23Z","politifact14259_2","4"
"36818Z1KV304J02L4FB4RDJ8EPAA3J","A1PUHCEBSOWETV","Approved","2019-02-01T22:06:22Z","2019-02-01T22:35:23Z","politifact14259_3","3"
"36818Z1KV304J02L4FB4RDJ8EPAA3J","A1PUHCEBSOWETV","Approved","2019-02-01T22:06:22Z","2019-02-01T22:35:23Z","politifact14259_4","3"
"36818Z1KV304J02L4FB4RDJ8EPAA3J","A1PUHCEBSOWETV","Approved","2019-02-01T22:06:22Z","2019-02-01T22:35:23Z","politifact14259_5","4"
"36818Z1KV304J02L4FB4RDJ8EPAA3J","A2PYZDFLMB8RN6","Approved","2019-02-01T22:08:35Z","2019-02-01T22:35:23Z","politifact14259_our_1","2"
"36818Z1KV304J02L4FB4RDJ8EPAA3J","A2PYZDFLMB8RN6","Approved","2019-02-01T22:08:35Z","2019-02-01T22:35:23Z","politifact14259_2","2"
"36818Z1KV304J02L4FB4RDJ8EPAA3J","A2PYZDFLMB8RN6","Approved","2019-02-01T22:08:35Z","2019-02-01T22:35:23Z","politifact14259_3","2"
"36818Z1KV304J02L4FB4RDJ8EPAA3J","A2PYZDFLMB8RN6","Approved","2019-02-01T22:08:35Z","2019-02-01T22:35:23Z","politifact14259_4","2"
"36818Z1KV304J02L4FB4RDJ8EPAA3J","A2PYZDFLMB8RN6","Approved","2019-02-01T22:08:35Z","2019-02-01T22:35:23Z","politifact14259_5","2"
"36818Z1KV304J02L4FB4RDJ8EPAA3J","A2RMJNF6IPI42F","Approved","2019-02-01T22:08:49Z","2019-02-01T22:35:23Z","politifact14259_our_1","0"
"36818Z1KV304J02L4FB4RDJ8EPAA3J","A2RMJNF6IPI42F","Approved","2019-02-01T22:08:49Z","2019-02-01T22:35:23Z","politifact14259_2","0"
"36818Z1KV304J02L4FB4RDJ8EPAA3J","A2RMJNF6IPI42F","Approved","2019-02-01T22:08:49Z","2019-02-01T22:35:23Z","politifact14259_3","0"
"36818Z1KV304J02L4FB4RDJ8EPAA3J","A2RMJNF6IPI42F","Approved","2019-02-01T22:08:49Z","2019-02-01T22:35:23Z","politifact14259_4","3"
"36818Z1KV304J02L4FB4RDJ8EPAA3J","A2RMJNF6IPI42F","Approved","2019-02-01T22:08:49Z","2019-02-01T22:35:23Z","politifact14259_5","0"
"3VGZ74AYTG3T6RB7J8EFG2Y5IX0CGV","A1PUHCEBSOWETV","Approved","2019-02-01T22:03:19Z","2019-02-01T22:35:23Z","politifact15540_our_1","2"
"3VGZ74AYTG3T6RB7J8EFG2Y5IX0CGV","A1PUHCEBSOWETV","Approved","2019-02-01T22:03:19Z","2019-02-01T22:35:23Z","politifact15540_2","4"
"3VGZ74AYTG3T6RB7J8EFG2Y5IX0CGV","A1PUHCEBSOWETV","Approved","2019-02-01T22:03:19Z","2019-02-01T22:35:23Z","politifact15540_3","3"
"3VGZ74AYTG3T6RB7J8EFG2Y5IX0CGV","A1PUHCEBSOWETV","Approved","2019-02-01T22:03:19Z","2019-02-01T22:35:23Z","politifact15540_4","4"
"3VGZ74AYTG3T6RB7J8EFG2Y5IX0CGV","A1PUHCEBSOWETV","Approved","2019-02-01T22:03:19Z","2019-02-01T22:35:23Z","politifact15540_5","3"
"3VGZ74AYTG3T6RB7J8EFG2Y5IX0CGV","A1FG2G9TZSDN","Approved","2019-02-01T22:07:22Z","2019-02-01T22:35:24Z","politifact15540_our_1","0"
"3VGZ74AYTG3T6RB7J8EFG2Y5IX0CGV","A1FG2G9TZSDN","Approved","2019-02-01T22:07:22Z","2019-02-01T22:35:24Z","politifact15540_2","0"
"3VGZ74AYTG3T6RB7J8EFG2Y5IX0CGV","A1FG2G9TZSDN","Approved","2019-02-01T22:07:22Z","2019-02-01T22:35:24Z","politifact15540_3","0"
"3VGZ74AYTG3T6RB7J8EFG2Y5IX0CGV","A1FG2G9TZSDN","Approved","2019-02-01T22:07:22Z","2019-02-01T22:35:24Z","politifact15540_4","0"
"3VGZ74AYTG3T6RB7J8EFG2Y5IX0CGV","A1FG2G9TZSDN","Approved","2019-02-01T22:07:22Z","2019-02-01T22:35:24Z","politifact15540_5","0"
"3VGZ74AYTG3T6RB7J8EFG2Y5IX0CGV","AG263U3LX899H","Approved","2019-02-03T19:57:10Z","2019-02-03T20:34:58Z","politifact15540_our_1","0"
"3VGZ74AYTG3T6RB7J8EFG2Y5IX0CGV","AG263U3LX899H","Approved","2019-02-03T19:57:10Z","2019-02-03T20:34:58Z","politifact15540_2","0"
"3VGZ74AYTG3T6RB7J8EFG2Y5IX0CGV","AG263U3LX899H","Approved","2019-02-03T19:57:10Z","2019-02-03T20:34:58Z","politifact15540_3","1"
"3VGZ74AYTG3T6RB7J8EFG2Y5IX0CGV","AG263U3LX899H","Approved","2019-02-03T19:57:10Z","2019-02-03T20:34:58Z","politifact15540_4","1"
"3VGZ74AYTG3T6RB7J8EFG2Y5IX0CGV","AG263U3LX899H","Approved","2019-02-03T19:57:10Z","2019-02-03T20:34:58Z","politifact15540_5","0"
"3K2CEDRACBOAKI94GX70IHI625CTM3","A1PUHCEBSOWETV","Approved","2019-02-01T22:03:02Z","2019-02-01T22:35:24Z","politifact14258_our_1","0"
"3K2CEDRACBOAKI94GX70IHI625CTM3","A1PUHCEBSOWETV","Approved","2019-02-01T22:03:02Z","2019-02-01T22:35:24Z","politifact14258_2","3"
"3K2CEDRACBOAKI94GX70IHI625CTM3","A1PUHCEBSOWETV","Approved","2019-02-01T22:03:02Z","2019-02-01T22:35:24Z","politifact14258_3","0"
"3K2CEDRACBOAKI94GX70IHI625CTM3","A1PUHCEBSOWETV","Approved","2019-02-01T22:03:02Z","2019-02-01T22:35:24Z","politifact14258_4","1"
"3K2CEDRACBOAKI94GX70IHI625CTM3","A1PUHCEBSOWETV","Approved","2019-02-01T22:03:02Z","2019-02-01T22:35:24Z","politifact14258_5","0"
"3K2CEDRACBOAKI94GX70IHI625CTM3","A2PYZDFLMB8RN6","Approved","2019-02-01T22:09:45Z","2019-02-01T22:35:24Z","politifact14258_our_1","2"
"3K2CEDRACBOAKI94GX70IHI625CTM3","A2PYZDFLMB8RN6","Approved","2019-02-01T22:09:45Z","2019-02-01T22:35:24Z","politifact14258_2","3"
"3K2CEDRACBOAKI94GX70IHI625CTM3","A2PYZDFLMB8RN6","Approved","2019-02-01T22:09:45Z","2019-02-01T22:35:24Z","politifact14258_3","3"
"3K2CEDRACBOAKI94GX70IHI625CTM3","A2PYZDFLMB8RN6","Approved","2019-02-01T22:09:45Z","2019-02-01T22:35:24Z","politifact14258_4","2"
"3K2CEDRACBOAKI94GX70IHI625CTM3","A2PYZDFLMB8RN6","Approved","2019-02-01T22:09:45Z","2019-02-01T22:35:24Z","politifact14258_5","2"
"3K2CEDRACBOAKI94GX70IHI625CTM3","A2RMJNF6IPI42F","Approved","2019-02-01T22:19:45Z","2019-02-01T22:35:24Z","politifact14258_our_1","0"
"3K2CEDRACBOAKI94GX70IHI625CTM3","A2RMJNF6IPI42F","Approved","2019-02-01T22:19:45Z","2019-02-01T22:35:24Z","politifact14258_2","0"
"3K2CEDRACBOAKI94GX70IHI625CTM3","A2RMJNF6IPI42F","Approved","2019-02-01T22:19:45Z","2019-02-01T22:35:24Z","politifact14258_3","0"
"3K2CEDRACBOAKI94GX70IHI625CTM3","A2RMJNF6IPI42F","Approved","2019-02-01T22:19:45Z","2019-02-01T22:35:24Z","politifact14258_4","0"
"3K2CEDRACBOAKI94GX70IHI625CTM3","A2RMJNF6IPI42F","Approved","2019-02-01T22:19:45Z","2019-02-01T22:35:24Z","politifact14258_5","0"
"391JB9X4ZYVBHZJHMOT8HQVAJSLMKQ","A1PUHCEBSOWETV","Approved","2019-02-01T22:03:52Z","2019-02-01T22:35:24Z","politifact13677_our_1","2"
"391JB9X4ZYVBHZJHMOT8HQVAJSLMKQ","A1PUHCEBSOWETV","Approved","2019-02-01T22:03:52Z","2019-02-01T22:35:24Z","politifact13677_2","4"
"391JB9X4ZYVBHZJHMOT8HQVAJSLMKQ","A1PUHCEBSOWETV","Approved","2019-02-01T22:03:52Z","2019-02-01T22:35:24Z","politifact13677_3","3"
"391JB9X4ZYVBHZJHMOT8HQVAJSLMKQ","A1PUHCEBSOWETV","Approved","2019-02-01T22:03:52Z","2019-02-01T22:35:24Z","politifact13677_4","4"
"391JB9X4ZYVBHZJHMOT8HQVAJSLMKQ","A1PUHCEBSOWETV","Approved","2019-02-01T22:03:52Z","2019-02-01T22:35:24Z","politifact13677_5","2"
"391JB9X4ZYVBHZJHMOT8HQVAJSLMKQ","A1YSYI926BBOHW","Approved","2019-02-01T22:17:57Z","2019-02-01T22:35:24Z","politifact13677_our_1","0"
"391JB9X4ZYVBHZJHMOT8HQVAJSLMKQ","A1YSYI926BBOHW","Approved","2019-02-01T22:17:57Z","2019-02-01T22:35:24Z","politifact13677_2","0"
"391JB9X4ZYVBHZJHMOT8HQVAJSLMKQ","A1YSYI926BBOHW","Approved","2019-02-01T22:17:57Z","2019-02-01T22:35:24Z","politifact13677_3","0"
"391JB9X4ZYVBHZJHMOT8HQVAJSLMKQ","A1YSYI926BBOHW","Approved","2019-02-01T22:17:57Z","2019-02-01T22:35:24Z","politifact13677_4","0"
"391JB9X4ZYVBHZJHMOT8HQVAJSLMKQ","A1YSYI926BBOHW","Approved","2019-02-01T22:17:57Z","2019-02-01T22:35:24Z","politifact13677_5","0"
"391JB9X4ZYVBHZJHMOT8HQVAJSLMKQ","A2RMJNF6IPI42F","Approved","2019-02-01T22:23:32Z","2019-02-01T22:35:24Z","politifact13677_our_1","0"
"391JB9X4ZYVBHZJHMOT8HQVAJSLMKQ","A2RMJNF6IPI42F","Approved","2019-02-01T22:23:32Z","2019-02-01T22:35:24Z","politifact13677_2","1"
"391JB9X4ZYVBHZJHMOT8HQVAJSLMKQ","A2RMJNF6IPI42F","Approved","2019-02-01T22:23:32Z","2019-02-01T22:35:24Z","politifact13677_3","0"
"391JB9X4ZYVBHZJHMOT8HQVAJSLMKQ","A2RMJNF6IPI42F","Approved","2019-02-01T22:23:32Z","2019-02-01T22:35:24Z","politifact13677_4","2"
"391JB9X4ZYVBHZJHMOT8HQVAJSLMKQ","A2RMJNF6IPI42F","Approved","2019-02-01T22:23:32Z","2019-02-01T22:35:24Z","politifact13677_5","0"
"31KSVEGZ34FT9FQQGA8SR0JFCMTRWF","A1PUHCEBSOWETV","Approved","2019-02-01T22:02:51Z","2019-02-01T22:35:25Z","politifact14311_our_1","0"
"31KSVEGZ34FT9FQQGA8SR0JFCMTRWF","A1PUHCEBSOWETV","Approved","2019-02-01T22:02:51Z","2019-02-01T22:35:25Z","politifact14311_2","1"
"31KSVEGZ34FT9FQQGA8SR0JFCMTRWF","A1PUHCEBSOWETV","Approved","2019-02-01T22:02:51Z","2019-02-01T22:35:25Z","politifact14311_3","2"
"31KSVEGZ34FT9FQQGA8SR0JFCMTRWF","A1PUHCEBSOWETV","Approved","2019-02-01T22:02:51Z","2019-02-01T22:35:25Z","politifact14311_4","0"
"31KSVEGZ34FT9FQQGA8SR0JFCMTRWF","A1PUHCEBSOWETV","Approved","2019-02-01T22:02:51Z","2019-02-01T22:35:25Z","politifact14311_5","1"
"31KSVEGZ34FT9FQQGA8SR0JFCMTRWF","A2PYZDFLMB8RN6","Approved","2019-02-01T22:13:41Z","2019-02-01T22:35:25Z","politifact14311_our_1","2"
"31KSVEGZ34FT9FQQGA8SR0JFCMTRWF","A2PYZDFLMB8RN6","Approved","2019-02-01T22:13:41Z","2019-02-01T22:35:25Z","politifact14311_2","3"
"31KSVEGZ34FT9FQQGA8SR0JFCMTRWF","A2PYZDFLMB8RN6","Approved","2019-02-01T22:13:41Z","2019-02-01T22:35:25Z","politifact14311_3","3"
"31KSVEGZ34FT9FQQGA8SR0JFCMTRWF","A2PYZDFLMB8RN6","Approved","2019-02-01T22:13:41Z","2019-02-01T22:35:25Z","politifact14311_4","2"
"31KSVEGZ34FT9FQQGA8SR0JFCMTRWF","A2PYZDFLMB8RN6","Approved","2019-02-01T22:13:41Z","2019-02-01T22:35:25Z","politifact14311_5","2"
"31KSVEGZ34FT9FQQGA8SR0JFCMTRWF","A13WYZ8AXD6ODX","Approved","2019-02-02T00:04:42Z","2019-02-02T05:41:58Z","politifact14311_our_1","2"
"31KSVEGZ34FT9FQQGA8SR0JFCMTRWF","A13WYZ8AXD6ODX","Approved","2019-02-02T00:04:42Z","2019-02-02T05:41:58Z","politifact14311_2","4"
"31KSVEGZ34FT9FQQGA8SR0JFCMTRWF","A13WYZ8AXD6ODX","Approved","2019-02-02T00:04:42Z","2019-02-02T05:41:58Z","politifact14311_3","0"
"31KSVEGZ34FT9FQQGA8SR0JFCMTRWF","A13WYZ8AXD6ODX","Approved","2019-02-02T00:04:42Z","2019-02-02T05:41:58Z","politifact14311_4","0"
"31KSVEGZ34FT9FQQGA8SR0JFCMTRWF","A13WYZ8AXD6ODX","Approved","2019-02-02T00:04:42Z","2019-02-02T05:41:58Z","politifact14311_5","2"
"329E6HTMSWPAVDB7G6OTLRM4J14K38","A1PUHCEBSOWETV","Approved","2019-02-01T22:03:37Z","2019-02-01T22:35:25Z","politifact14888_our_1","2"
"329E6HTMSWPAVDB7G6OTLRM4J14K38","A1PUHCEBSOWETV","Approved","2019-02-01T22:03:37Z","2019-02-01T22:35:25Z","politifact14888_2","4"
"329E6HTMSWPAVDB7G6OTLRM4J14K38","A1PUHCEBSOWETV","Approved","2019-02-01T22:03:37Z","2019-02-01T22:35:25Z","politifact14888_3","4"
"329E6HTMSWPAVDB7G6OTLRM4J14K38","A1PUHCEBSOWETV","Approved","2019-02-01T22:03:37Z","2019-02-01T22:35:25Z","politifact14888_4","3"
"329E6HTMSWPAVDB7G6OTLRM4J14K38","A1PUHCEBSOWETV","Approved","2019-02-01T22:03:37Z","2019-02-01T22:35:25Z","politifact14888_5","4"
"329E6HTMSWPAVDB7G6OTLRM4J14K38","A17AF42SNQNH9C","Approved","2019-02-01T22:11:23Z","2019-02-01T22:35:25Z","politifact14888_our_1","1"
"329E6HTMSWPAVDB7G6OTLRM4J14K38","A17AF42SNQNH9C","Approved","2019-02-01T22:11:23Z","2019-02-01T22:35:25Z","politifact14888_2","2"
"329E6HTMSWPAVDB7G6OTLRM4J14K38","A17AF42SNQNH9C","Approved","2019-02-01T22:11:23Z","2019-02-01T22:35:25Z","politifact14888_3","4"
"329E6HTMSWPAVDB7G6OTLRM4J14K38","A17AF42SNQNH9C","Approved","2019-02-01T22:11:23Z","2019-02-01T22:35:25Z","politifact14888_4","2"
"329E6HTMSWPAVDB7G6OTLRM4J14K38","A17AF42SNQNH9C","Approved","2019-02-01T22:11:23Z","2019-02-01T22:35:25Z","politifact14888_5","0"
"329E6HTMSWPAVDB7G6OTLRM4J14K38","A3MWDLI8RGCFAT","Approved","2019-02-01T22:19:00Z","2019-02-01T22:35:25Z","politifact14888_our_1","0"
"329E6HTMSWPAVDB7G6OTLRM4J14K38","A3MWDLI8RGCFAT","Approved","2019-02-01T22:19:00Z","2019-02-01T22:35:25Z","politifact14888_2","3"
"329E6HTMSWPAVDB7G6OTLRM4J14K38","A3MWDLI8RGCFAT","Approved","2019-02-01T22:19:00Z","2019-02-01T22:35:25Z","politifact14888_3","0"
"329E6HTMSWPAVDB7G6OTLRM4J14K38","A3MWDLI8RGCFAT","Approved","2019-02-01T22:19:00Z","2019-02-01T22:35:25Z","politifact14888_4","2"
"329E6HTMSWPAVDB7G6OTLRM4J14K38","A3MWDLI8RGCFAT","Approved","2019-02-01T22:19:00Z","2019-02-01T22:35:25Z","politifact14888_5","0"
"3EKZL9T8Y8976N6I3EWX12A6XXDCHU","A1PUHCEBSOWETV","Approved","2019-02-01T22:03:56Z","2019-02-01T22:35:25Z","politifact15268_our_1","3"
"3EKZL9T8Y8976N6I3EWX12A6XXDCHU","A1PUHCEBSOWETV","Approved","2019-02-01T22:03:56Z","2019-02-01T22:35:25Z","politifact15268_2","4"
"3EKZL9T8Y8976N6I3EWX12A6XXDCHU","A1PUHCEBSOWETV","Approved","2019-02-01T22:03:56Z","2019-02-01T22:35:25Z","politifact15268_3","1"
"3EKZL9T8Y8976N6I3EWX12A6XXDCHU","A1PUHCEBSOWETV","Approved","2019-02-01T22:03:56Z","2019-02-01T22:35:25Z","politifact15268_4","1"
"3EKZL9T8Y8976N6I3EWX12A6XXDCHU","A1PUHCEBSOWETV","Approved","2019-02-01T22:03:56Z","2019-02-01T22:35:25Z","politifact15268_5","2"
"3EKZL9T8Y8976N6I3EWX12A6XXDCHU","A2RMJNF6IPI42F","Approved","2019-02-01T22:19:26Z","2019-02-01T22:35:25Z","politifact15268_our_1","0"
"3EKZL9T8Y8976N6I3EWX12A6XXDCHU","A2RMJNF6IPI42F","Approved","2019-02-01T22:19:26Z","2019-02-01T22:35:25Z","politifact15268_2","0"
"3EKZL9T8Y8976N6I3EWX12A6XXDCHU","A2RMJNF6IPI42F","Approved","2019-02-01T22:19:26Z","2019-02-01T22:35:25Z","politifact15268_3","0"
"3EKZL9T8Y8976N6I3EWX12A6XXDCHU","A2RMJNF6IPI42F","Approved","2019-02-01T22:19:26Z","2019-02-01T22:35:25Z","politifact15268_4","0"
"3EKZL9T8Y8976N6I3EWX12A6XXDCHU","A2RMJNF6IPI42F","Approved","2019-02-01T22:19:26Z","2019-02-01T22:35:25Z","politifact15268_5","0"
"3EKZL9T8Y8976N6I3EWX12A6XXDCHU","A1QHHILUOTRF8C","Approved","2019-02-01T23:51:54Z","2019-02-02T05:41:58Z","politifact15268_our_1","0"
"3EKZL9T8Y8976N6I3EWX12A6XXDCHU","A1QHHILUOTRF8C","Approved","2019-02-01T23:51:54Z","2019-02-02T05:41:58Z","politifact15268_2","0"
"3EKZL9T8Y8976N6I3EWX12A6XXDCHU","A1QHHILUOTRF8C","Approved","2019-02-01T23:51:54Z","2019-02-02T05:41:58Z","politifact15268_3","0"
"3EKZL9T8Y8976N6I3EWX12A6XXDCHU","A1QHHILUOTRF8C","Approved","2019-02-01T23:51:54Z","2019-02-02T05:41:58Z","politifact15268_4","0"
"3EKZL9T8Y8976N6I3EWX12A6XXDCHU","A1QHHILUOTRF8C","Approved","2019-02-01T23:51:54Z","2019-02-02T05:41:58Z","politifact15268_5","0"
"3XUY87HIVP167NJK706OW3NE8XGMMV","A1PUHCEBSOWETV","Approved","2019-02-01T22:02:24Z","2019-02-01T22:35:26Z","politifact15108_our_1","0"
"3XUY87HIVP167NJK706OW3NE8XGMMV","A1PUHCEBSOWETV","Approved","2019-02-01T22:02:24Z","2019-02-01T22:35:26Z","politifact15108_2","1"
"3XUY87HIVP167NJK706OW3NE8XGMMV","A1PUHCEBSOWETV","Approved","2019-02-01T22:02:24Z","2019-02-01T22:35:26Z","politifact15108_3","0"
"3XUY87HIVP167NJK706OW3NE8XGMMV","A1PUHCEBSOWETV","Approved","2019-02-01T22:02:24Z","2019-02-01T22:35:26Z","politifact15108_4","1"
"3XUY87HIVP167NJK706OW3NE8XGMMV","A1PUHCEBSOWETV","Approved","2019-02-01T22:02:24Z","2019-02-01T22:35:26Z","politifact15108_5","0"
"3XUY87HIVP167NJK706OW3NE8XGMMV","A2PYZDFLMB8RN6","Approved","2019-02-01T22:09:29Z","2019-02-01T22:35:26Z","politifact15108_our_1","2"
"3XUY87HIVP167NJK706OW3NE8XGMMV","A2PYZDFLMB8RN6","Approved","2019-02-01T22:09:29Z","2019-02-01T22:35:26Z","politifact15108_2","3"
"3XUY87HIVP167NJK706OW3NE8XGMMV","A2PYZDFLMB8RN6","Approved","2019-02-01T22:09:29Z","2019-02-01T22:35:26Z","politifact15108_3","1"
"3XUY87HIVP167NJK706OW3NE8XGMMV","A2PYZDFLMB8RN6","Approved","2019-02-01T22:09:29Z","2019-02-01T22:35:26Z","politifact15108_4","3"
"3XUY87HIVP167NJK706OW3NE8XGMMV","A2PYZDFLMB8RN6","Approved","2019-02-01T22:09:29Z","2019-02-01T22:35:26Z","politifact15108_5","2"
"3XUY87HIVP167NJK706OW3NE8XGMMV","AG263U3LX899H","Approved","2019-02-02T17:48:17Z","2019-02-03T20:34:58Z","politifact15108_our_1","0"
"3XUY87HIVP167NJK706OW3NE8XGMMV","AG263U3LX899H","Approved","2019-02-02T17:48:17Z","2019-02-03T20:34:58Z","politifact15108_2","0"
"3XUY87HIVP167NJK706OW3NE8XGMMV","AG263U3LX899H","Approved","2019-02-02T17:48:17Z","2019-02-03T20:34:58Z","politifact15108_3","0"
"3XUY87HIVP167NJK706OW3NE8XGMMV","AG263U3LX899H","Approved","2019-02-02T17:48:17Z","2019-02-03T20:34:58Z","politifact15108_4","0"
"3XUY87HIVP167NJK706OW3NE8XGMMV","AG263U3LX899H","Approved","2019-02-02T17:48:17Z","2019-02-03T20:34:58Z","politifact15108_5","0"
"3EKTG13IZUQM151Z7O59WQ8P8SQMLT","A3CH1Z6J9R38G9","Approved","2019-02-01T22:03:10Z","2019-02-01T22:35:26Z","politifact15188_our_1","3"
"3EKTG13IZUQM151Z7O59WQ8P8SQMLT","A3CH1Z6J9R38G9","Approved","2019-02-01T22:03:10Z","2019-02-01T22:35:26Z","politifact15188_2","1"
"3EKTG13IZUQM151Z7O59WQ8P8SQMLT","A3CH1Z6J9R38G9","Approved","2019-02-01T22:03:10Z","2019-02-01T22:35:26Z","politifact15188_3","1"
"3EKTG13IZUQM151Z7O59WQ8P8SQMLT","A3CH1Z6J9R38G9","Approved","2019-02-01T22:03:10Z","2019-02-01T22:35:26Z","politifact15188_4","1"
"3EKTG13IZUQM151Z7O59WQ8P8SQMLT","A3CH1Z6J9R38G9","Approved","2019-02-01T22:03:10Z","2019-02-01T22:35:26Z","politifact15188_5","0"
"3EKTG13IZUQM151Z7O59WQ8P8SQMLT","A1PUHCEBSOWETV","Approved","2019-02-01T22:03:46Z","2019-02-01T22:35:26Z","politifact15188_our_1","4"
"3EKTG13IZUQM151Z7O59WQ8P8SQMLT","A1PUHCEBSOWETV","Approved","2019-02-01T22:03:46Z","2019-02-01T22:35:26Z","politifact15188_2","2"
"3EKTG13IZUQM151Z7O59WQ8P8SQMLT","A1PUHCEBSOWETV","Approved","2019-02-01T22:03:46Z","2019-02-01T22:35:26Z","politifact15188_3","3"
"3EKTG13IZUQM151Z7O59WQ8P8SQMLT","A1PUHCEBSOWETV","Approved","2019-02-01T22:03:46Z","2019-02-01T22:35:26Z","politifact15188_4","4"
"3EKTG13IZUQM151Z7O59WQ8P8SQMLT","A1PUHCEBSOWETV","Approved","2019-02-01T22:03:46Z","2019-02-01T22:35:26Z","politifact15188_5","2"
"3EKTG13IZUQM151Z7O59WQ8P8SQMLT","A2RMJNF6IPI42F","Approved","2019-02-01T22:22:43Z","2019-02-01T22:35:26Z","politifact15188_our_1","0"
"3EKTG13IZUQM151Z7O59WQ8P8SQMLT","A2RMJNF6IPI42F","Approved","2019-02-01T22:22:43Z","2019-02-01T22:35:26Z","politifact15188_2","0"
"3EKTG13IZUQM151Z7O59WQ8P8SQMLT","A2RMJNF6IPI42F","Approved","2019-02-01T22:22:43Z","2019-02-01T22:35:26Z","politifact15188_3","1"
"3EKTG13IZUQM151Z7O59WQ8P8SQMLT","A2RMJNF6IPI42F","Approved","2019-02-01T22:22:43Z","2019-02-01T22:35:26Z","politifact15188_4","0"
"3EKTG13IZUQM151Z7O59WQ8P8SQMLT","A2RMJNF6IPI42F","Approved","2019-02-01T22:22:43Z","2019-02-01T22:35:26Z","politifact15188_5","0"
"3V0TR1NRVAPP1WLP4TGN1IBESP6A44","A1PUHCEBSOWETV","Approved","2019-02-01T22:02:30Z","2019-02-01T22:35:26Z","politifact14309_our_1","1"
"3V0TR1NRVAPP1WLP4TGN1IBESP6A44","A1PUHCEBSOWETV","Approved","2019-02-01T22:02:30Z","2019-02-01T22:35:26Z","politifact14309_2","0"
"3V0TR1NRVAPP1WLP4TGN1IBESP6A44","A1PUHCEBSOWETV","Approved","2019-02-01T22:02:30Z","2019-02-01T22:35:26Z","politifact14309_3","2"
"3V0TR1NRVAPP1WLP4TGN1IBESP6A44","A1PUHCEBSOWETV","Approved","2019-02-01T22:02:30Z","2019-02-01T22:35:26Z","politifact14309_4","1"
"3V0TR1NRVAPP1WLP4TGN1IBESP6A44","A1PUHCEBSOWETV","Approved","2019-02-01T22:02:30Z","2019-02-01T22:35:26Z","politifact14309_5","2"
"3V0TR1NRVAPP1WLP4TGN1IBESP6A44","A2PYZDFLMB8RN6","Approved","2019-02-01T22:16:25Z","2019-02-01T22:35:26Z","politifact14309_our_1","1"
"3V0TR1NRVAPP1WLP4TGN1IBESP6A44","A2PYZDFLMB8RN6","Approved","2019-02-01T22:16:25Z","2019-02-01T22:35:26Z","politifact14309_2","2"
"3V0TR1NRVAPP1WLP4TGN1IBESP6A44","A2PYZDFLMB8RN6","Approved","2019-02-01T22:16:25Z","2019-02-01T22:35:26Z","politifact14309_3","3"
"3V0TR1NRVAPP1WLP4TGN1IBESP6A44","A2PYZDFLMB8RN6","Approved","2019-02-01T22:16:25Z","2019-02-01T22:35:26Z","politifact14309_4","2"
"3V0TR1NRVAPP1WLP4TGN1IBESP6A44","A2PYZDFLMB8RN6","Approved","2019-02-01T22:16:25Z","2019-02-01T22:35:26Z","politifact14309_5","1"
"3V0TR1NRVAPP1WLP4TGN1IBESP6A44","A1YSYI926BBOHW","Approved","2019-02-01T22:24:02Z","2019-02-01T22:35:26Z","politifact14309_our_1","0"
"3V0TR1NRVAPP1WLP4TGN1IBESP6A44","A1YSYI926BBOHW","Approved","2019-02-01T22:24:02Z","2019-02-01T22:35:26Z","politifact14309_2","0"
"3V0TR1NRVAPP1WLP4TGN1IBESP6A44","A1YSYI926BBOHW","Approved","2019-02-01T22:24:02Z","2019-02-01T22:35:26Z","politifact14309_3","0"
"3V0TR1NRVAPP1WLP4TGN1IBESP6A44","A1YSYI926BBOHW","Approved","2019-02-01T22:24:02Z","2019-02-01T22:35:26Z","politifact14309_4","2"
"3V0TR1NRVAPP1WLP4TGN1IBESP6A44","A1YSYI926BBOHW","Approved","2019-02-01T22:24:02Z","2019-02-01T22:35:26Z","politifact14309_5","0"
"3U74KRR67M8G20U4SYM0VW767VMTN3","A1PUHCEBSOWETV","Approved","2019-02-01T22:03:12Z","2019-02-01T22:35:27Z","politifact14327_our_1","2"
"3U74KRR67M8G20U4SYM0VW767VMTN3","A1PUHCEBSOWETV","Approved","2019-02-01T22:03:12Z","2019-02-01T22:35:27Z","politifact14327_2","3"
"3U74KRR67M8G20U4SYM0VW767VMTN3","A1PUHCEBSOWETV","Approved","2019-02-01T22:03:12Z","2019-02-01T22:35:27Z","politifact14327_3","3"
"3U74KRR67M8G20U4SYM0VW767VMTN3","A1PUHCEBSOWETV","Approved","2019-02-01T22:03:12Z","2019-02-01T22:35:27Z","politifact14327_4","2"
"3U74KRR67M8G20U4SYM0VW767VMTN3","A1PUHCEBSOWETV","Approved","2019-02-01T22:03:12Z","2019-02-01T22:35:27Z","politifact14327_5","4"
"3U74KRR67M8G20U4SYM0VW767VMTN3","A3542PB4Z0NE80","Approved","2019-02-01T22:14:21Z","2019-02-01T22:35:27Z","politifact14327_our_1","0"
"3U74KRR67M8G20U4SYM0VW767VMTN3","A3542PB4Z0NE80","Approved","2019-02-01T22:14:21Z","2019-02-01T22:35:27Z","politifact14327_2","2"
"3U74KRR67M8G20U4SYM0VW767VMTN3","A3542PB4Z0NE80","Approved","2019-02-01T22:14:21Z","2019-02-01T22:35:27Z","politifact14327_3","3"
"3U74KRR67M8G20U4SYM0VW767VMTN3","A3542PB4Z0NE80","Approved","2019-02-01T22:14:21Z","2019-02-01T22:35:27Z","politifact14327_4","1"
"3U74KRR67M8G20U4SYM0VW767VMTN3","A3542PB4Z0NE80","Approved","2019-02-01T22:14:21Z","2019-02-01T22:35:27Z","politifact14327_5","2"
"3U74KRR67M8G20U4SYM0VW767VMTN3","A1YSYI926BBOHW","Approved","2019-02-01T22:17:42Z","2019-02-01T22:35:27Z","politifact14327_our_1","0"
"3U74KRR67M8G20U4SYM0VW767VMTN3","A1YSYI926BBOHW","Approved","2019-02-01T22:17:42Z","2019-02-01T22:35:27Z","politifact14327_2","0"
"3U74KRR67M8G20U4SYM0VW767VMTN3","A1YSYI926BBOHW","Approved","2019-02-01T22:17:42Z","2019-02-01T22:35:27Z","politifact14327_3","0"
"3U74KRR67M8G20U4SYM0VW767VMTN3","A1YSYI926BBOHW","Approved","2019-02-01T22:17:42Z","2019-02-01T22:35:27Z","politifact14327_4","0"
"3U74KRR67M8G20U4SYM0VW767VMTN3","A1YSYI926BBOHW","Approved","2019-02-01T22:17:42Z","2019-02-01T22:35:27Z","politifact14327_5","0"
"3RZS0FBRWKXZJ446MR42ABCXJONPCC","A1PUHCEBSOWETV","Approved","2019-02-01T22:04:41Z","2019-02-01T22:35:27Z","politifact14755_our_1","3"
"3RZS0FBRWKXZJ446MR42ABCXJONPCC","A1PUHCEBSOWETV","Approved","2019-02-01T22:04:41Z","2019-02-01T22:35:27Z","politifact14755_2","4"
"3RZS0FBRWKXZJ446MR42ABCXJONPCC","A1PUHCEBSOWETV","Approved","2019-02-01T22:04:41Z","2019-02-01T22:35:27Z","politifact14755_3","3"
"3RZS0FBRWKXZJ446MR42ABCXJONPCC","A1PUHCEBSOWETV","Approved","2019-02-01T22:04:41Z","2019-02-01T22:35:27Z","politifact14755_4","4"
"3RZS0FBRWKXZJ446MR42ABCXJONPCC","A1PUHCEBSOWETV","Approved","2019-02-01T22:04:41Z","2019-02-01T22:35:27Z","politifact14755_5","4"
"3RZS0FBRWKXZJ446MR42ABCXJONPCC","A3542PB4Z0NE80","Approved","2019-02-01T22:14:50Z","2019-02-01T22:35:27Z","politifact14755_our_1","1"
"3RZS0FBRWKXZJ446MR42ABCXJONPCC","A3542PB4Z0NE80","Approved","2019-02-01T22:14:50Z","2019-02-01T22:35:27Z","politifact14755_2","2"
"3RZS0FBRWKXZJ446MR42ABCXJONPCC","A3542PB4Z0NE80","Approved","2019-02-01T22:14:50Z","2019-02-01T22:35:27Z","politifact14755_3","1"
"3RZS0FBRWKXZJ446MR42ABCXJONPCC","A3542PB4Z0NE80","Approved","2019-02-01T22:14:50Z","2019-02-01T22:35:27Z","politifact14755_4","1"
"3RZS0FBRWKXZJ446MR42ABCXJONPCC","A3542PB4Z0NE80","Approved","2019-02-01T22:14:50Z","2019-02-01T22:35:27Z","politifact14755_5","1"
"3RZS0FBRWKXZJ446MR42ABCXJONPCC","A2RMJNF6IPI42F","Approved","2019-02-01T22:18:21Z","2019-02-01T22:35:27Z","politifact14755_our_1","0"
"3RZS0FBRWKXZJ446MR42ABCXJONPCC","A2RMJNF6IPI42F","Approved","2019-02-01T22:18:21Z","2019-02-01T22:35:27Z","politifact14755_2","0"
"3RZS0FBRWKXZJ446MR42ABCXJONPCC","A2RMJNF6IPI42F","Approved","2019-02-01T22:18:21Z","2019-02-01T22:35:27Z","politifact14755_3","0"
"3RZS0FBRWKXZJ446MR42ABCXJONPCC","A2RMJNF6IPI42F","Approved","2019-02-01T22:18:21Z","2019-02-01T22:35:27Z","politifact14755_4","0"
"3RZS0FBRWKXZJ446MR42ABCXJONPCC","A2RMJNF6IPI42F","Approved","2019-02-01T22:18:21Z","2019-02-01T22:35:27Z","politifact14755_5","0"
"31N9JPQXIP5QXR39S45BHD4IW1RHNH","A1PUHCEBSOWETV","Approved","2019-02-01T22:02:48Z","2019-02-01T22:35:27Z","politifact15187_our_1","2"
"31N9JPQXIP5QXR39S45BHD4IW1RHNH","A1PUHCEBSOWETV","Approved","2019-02-01T22:02:48Z","2019-02-01T22:35:27Z","politifact15187_2","1"
"31N9JPQXIP5QXR39S45BHD4IW1RHNH","A1PUHCEBSOWETV","Approved","2019-02-01T22:02:48Z","2019-02-01T22:35:27Z","politifact15187_3","0"
"31N9JPQXIP5QXR39S45BHD4IW1RHNH","A1PUHCEBSOWETV","Approved","2019-02-01T22:02:48Z","2019-02-01T22:35:27Z","politifact15187_4","1"
"31N9JPQXIP5QXR39S45BHD4IW1RHNH","A1PUHCEBSOWETV","Approved","2019-02-01T22:02:48Z","2019-02-01T22:35:27Z","politifact15187_5","2"
"31N9JPQXIP5QXR39S45BHD4IW1RHNH","A3542PB4Z0NE80","Approved","2019-02-01T22:16:30Z","2019-02-01T22:35:28Z","politifact15187_our_1","0"
"31N9JPQXIP5QXR39S45BHD4IW1RHNH","A3542PB4Z0NE80","Approved","2019-02-01T22:16:30Z","2019-02-01T22:35:28Z","politifact15187_2","0"
"31N9JPQXIP5QXR39S45BHD4IW1RHNH","A3542PB4Z0NE80","Approved","2019-02-01T22:16:30Z","2019-02-01T22:35:28Z","politifact15187_3","0"
"31N9JPQXIP5QXR39S45BHD4IW1RHNH","A3542PB4Z0NE80","Approved","2019-02-01T22:16:30Z","2019-02-01T22:35:28Z","politifact15187_4","3"
"31N9JPQXIP5QXR39S45BHD4IW1RHNH","A3542PB4Z0NE80","Approved","2019-02-01T22:16:30Z","2019-02-01T22:35:28Z","politifact15187_5","2"
"31N9JPQXIP5QXR39S45BHD4IW1RHNH","A2PYZDFLMB8RN6","Approved","2019-02-01T22:16:41Z","2019-02-01T22:35:28Z","politifact15187_our_1","2"
"31N9JPQXIP5QXR39S45BHD4IW1RHNH","A2PYZDFLMB8RN6","Approved","2019-02-01T22:16:41Z","2019-02-01T22:35:28Z","politifact15187_2","2"
"31N9JPQXIP5QXR39S45BHD4IW1RHNH","A2PYZDFLMB8RN6","Approved","2019-02-01T22:16:41Z","2019-02-01T22:35:28Z","politifact15187_3","1"
"31N9JPQXIP5QXR39S45BHD4IW1RHNH","A2PYZDFLMB8RN6","Approved","2019-02-01T22:16:41Z","2019-02-01T22:35:28Z","politifact15187_4","1"
"31N9JPQXIP5QXR39S45BHD4IW1RHNH","A2PYZDFLMB8RN6","Approved","2019-02-01T22:16:41Z","2019-02-01T22:35:28Z","politifact15187_5","3"
"37ZQELHEQ0LCP54KJ1LO9ICEDNQMNV","A1PUHCEBSOWETV","Approved","2019-02-01T22:04:25Z","2019-02-01T22:35:28Z","politifact15217_our_1","2"
"37ZQELHEQ0LCP54KJ1LO9ICEDNQMNV","A1PUHCEBSOWETV","Approved","2019-02-01T22:04:25Z","2019-02-01T22:35:28Z","politifact15217_2","4"
"37ZQELHEQ0LCP54KJ1LO9ICEDNQMNV","A1PUHCEBSOWETV","Approved","2019-02-01T22:04:25Z","2019-02-01T22:35:28Z","politifact15217_3","3"
"37ZQELHEQ0LCP54KJ1LO9ICEDNQMNV","A1PUHCEBSOWETV","Approved","2019-02-01T22:04:25Z","2019-02-01T22:35:28Z","politifact15217_4","2"
"37ZQELHEQ0LCP54KJ1LO9ICEDNQMNV","A1PUHCEBSOWETV","Approved","2019-02-01T22:04:25Z","2019-02-01T22:35:28Z","politifact15217_5","4"
"37ZQELHEQ0LCP54KJ1LO9ICEDNQMNV","A1YSYI926BBOHW","Approved","2019-02-01T22:14:40Z","2019-02-01T22:35:28Z","politifact15217_our_1","1"
"37ZQELHEQ0LCP54KJ1LO9ICEDNQMNV","A1YSYI926BBOHW","Approved","2019-02-01T22:14:40Z","2019-02-01T22:35:28Z","politifact15217_2","0"
"37ZQELHEQ0LCP54KJ1LO9ICEDNQMNV","A1YSYI926BBOHW","Approved","2019-02-01T22:14:40Z","2019-02-01T22:35:28Z","politifact15217_3","0"
"37ZQELHEQ0LCP54KJ1LO9ICEDNQMNV","A1YSYI926BBOHW","Approved","2019-02-01T22:14:40Z","2019-02-01T22:35:28Z","politifact15217_4","1"
"37ZQELHEQ0LCP54KJ1LO9ICEDNQMNV","A1YSYI926BBOHW","Approved","2019-02-01T22:14:40Z","2019-02-01T22:35:28Z","politifact15217_5","1"
"37ZQELHEQ0LCP54KJ1LO9ICEDNQMNV","A2RMJNF6IPI42F","Approved","2019-02-01T22:17:50Z","2019-02-01T22:35:28Z","politifact15217_our_1","3"
"37ZQELHEQ0LCP54KJ1LO9ICEDNQMNV","A2RMJNF6IPI42F","Approved","2019-02-01T22:17:50Z","2019-02-01T22:35:28Z","politifact15217_2","0"
"37ZQELHEQ0LCP54KJ1LO9ICEDNQMNV","A2RMJNF6IPI42F","Approved","2019-02-01T22:17:50Z","2019-02-01T22:35:28Z","politifact15217_3","0"
"37ZQELHEQ0LCP54KJ1LO9ICEDNQMNV","A2RMJNF6IPI42F","Approved","2019-02-01T22:17:50Z","2019-02-01T22:35:28Z","politifact15217_4","2"
"37ZQELHEQ0LCP54KJ1LO9ICEDNQMNV","A2RMJNF6IPI42F","Approved","2019-02-01T22:17:50Z","2019-02-01T22:35:28Z","politifact15217_5","0"
"372AGES0I4S8YFVGQF4ETJXMLOZRX8","A1PUHCEBSOWETV","Approved","2019-02-01T22:03:44Z","2019-02-01T22:35:28Z","politifact15494_our_1","3"
"372AGES0I4S8YFVGQF4ETJXMLOZRX8","A1PUHCEBSOWETV","Approved","2019-02-01T22:03:44Z","2019-02-01T22:35:28Z","politifact15494_2","4"
"372AGES0I4S8YFVGQF4ETJXMLOZRX8","A1PUHCEBSOWETV","Approved","2019-02-01T22:03:44Z","2019-02-01T22:35:28Z","politifact15494_3","2"
"372AGES0I4S8YFVGQF4ETJXMLOZRX8","A1PUHCEBSOWETV","Approved","2019-02-01T22:03:44Z","2019-02-01T22:35:28Z","politifact15494_4","4"
"372AGES0I4S8YFVGQF4ETJXMLOZRX8","A1PUHCEBSOWETV","Approved","2019-02-01T22:03:44Z","2019-02-01T22:35:28Z","politifact15494_5","2"
"372AGES0I4S8YFVGQF4ETJXMLOZRX8","A2PYZDFLMB8RN6","Approved","2019-02-01T22:10:33Z","2019-02-01T22:35:28Z","politifact15494_our_1","3"
"372AGES0I4S8YFVGQF4ETJXMLOZRX8","A2PYZDFLMB8RN6","Approved","2019-02-01T22:10:33Z","2019-02-01T22:35:28Z","politifact15494_2","2"
"372AGES0I4S8YFVGQF4ETJXMLOZRX8","A2PYZDFLMB8RN6","Approved","2019-02-01T22:10:33Z","2019-02-01T22:35:28Z","politifact15494_3","2"
"372AGES0I4S8YFVGQF4ETJXMLOZRX8","A2PYZDFLMB8RN6","Approved","2019-02-01T22:10:33Z","2019-02-01T22:35:28Z","politifact15494_4","2"
"372AGES0I4S8YFVGQF4ETJXMLOZRX8","A2PYZDFLMB8RN6","Approved","2019-02-01T22:10:33Z","2019-02-01T22:35:28Z","politifact15494_5","1"
"372AGES0I4S8YFVGQF4ETJXMLOZRX8","A3542PB4Z0NE80","Approved","2019-02-01T22:17:32Z","2019-02-01T22:35:28Z","politifact15494_our_1","0"
"372AGES0I4S8YFVGQF4ETJXMLOZRX8","A3542PB4Z0NE80","Approved","2019-02-01T22:17:32Z","2019-02-01T22:35:28Z","politifact15494_2","0"
"372AGES0I4S8YFVGQF4ETJXMLOZRX8","A3542PB4Z0NE80","Approved","2019-02-01T22:17:32Z","2019-02-01T22:35:28Z","politifact15494_3","1"
"372AGES0I4S8YFVGQF4ETJXMLOZRX8","A3542PB4Z0NE80","Approved","2019-02-01T22:17:32Z","2019-02-01T22:35:28Z","politifact15494_4","0"
"372AGES0I4S8YFVGQF4ETJXMLOZRX8","A3542PB4Z0NE80","Approved","2019-02-01T22:17:32Z","2019-02-01T22:35:28Z","politifact15494_5","1"
"36FFXPMST9B8FC3LTJ5OW24NMBWHOW","A1PUHCEBSOWETV","Approved","2019-02-01T22:02:36Z","2019-02-01T22:35:29Z","politifact15401_our_1","2"
"36FFXPMST9B8FC3LTJ5OW24NMBWHOW","A1PUHCEBSOWETV","Approved","2019-02-01T22:02:36Z","2019-02-01T22:35:29Z","politifact15401_2","0"
"36FFXPMST9B8FC3LTJ5OW24NMBWHOW","A1PUHCEBSOWETV","Approved","2019-02-01T22:02:36Z","2019-02-01T22:35:29Z","politifact15401_3","1"
"36FFXPMST9B8FC3LTJ5OW24NMBWHOW","A1PUHCEBSOWETV","Approved","2019-02-01T22:02:36Z","2019-02-01T22:35:29Z","politifact15401_4","1"
"36FFXPMST9B8FC3LTJ5OW24NMBWHOW","A1PUHCEBSOWETV","Approved","2019-02-01T22:02:36Z","2019-02-01T22:35:29Z","politifact15401_5","0"
"36FFXPMST9B8FC3LTJ5OW24NMBWHOW","A1YSYI926BBOHW","Approved","2019-02-01T22:16:48Z","2019-02-01T22:35:29Z","politifact15401_our_1","0"
"36FFXPMST9B8FC3LTJ5OW24NMBWHOW","A1YSYI926BBOHW","Approved","2019-02-01T22:16:48Z","2019-02-01T22:35:29Z","politifact15401_2","0"
"36FFXPMST9B8FC3LTJ5OW24NMBWHOW","A1YSYI926BBOHW","Approved","2019-02-01T22:16:48Z","2019-02-01T22:35:29Z","politifact15401_3","0"
"36FFXPMST9B8FC3LTJ5OW24NMBWHOW","A1YSYI926BBOHW","Approved","2019-02-01T22:16:48Z","2019-02-01T22:35:29Z","politifact15401_4","0"
"36FFXPMST9B8FC3LTJ5OW24NMBWHOW","A1YSYI926BBOHW","Approved","2019-02-01T22:16:48Z","2019-02-01T22:35:29Z","politifact15401_5","0"
"36FFXPMST9B8FC3LTJ5OW24NMBWHOW","A2RMJNF6IPI42F","Approved","2019-02-01T22:18:46Z","2019-02-01T22:35:29Z","politifact15401_our_1","0"
"36FFXPMST9B8FC3LTJ5OW24NMBWHOW","A2RMJNF6IPI42F","Approved","2019-02-01T22:18:46Z","2019-02-01T22:35:29Z","politifact15401_2","0"
"36FFXPMST9B8FC3LTJ5OW24NMBWHOW","A2RMJNF6IPI42F","Approved","2019-02-01T22:18:46Z","2019-02-01T22:35:29Z","politifact15401_3","1"
"36FFXPMST9B8FC3LTJ5OW24NMBWHOW","A2RMJNF6IPI42F","Approved","2019-02-01T22:18:46Z","2019-02-01T22:35:29Z","politifact15401_4","0"
"36FFXPMST9B8FC3LTJ5OW24NMBWHOW","A2RMJNF6IPI42F","Approved","2019-02-01T22:18:46Z","2019-02-01T22:35:29Z","politifact15401_5","0"
"3YLTXLH3DFTQ0CFM8JI3L29DWGSHPD","A1PUHCEBSOWETV","Approved","2019-02-01T22:03:09Z","2019-02-01T22:35:29Z","politifact13711_our_1","2"
"3YLTXLH3DFTQ0CFM8JI3L29DWGSHPD","A1PUHCEBSOWETV","Approved","2019-02-01T22:03:09Z","2019-02-01T22:35:29Z","politifact13711_2","2"
"3YLTXLH3DFTQ0CFM8JI3L29DWGSHPD","A1PUHCEBSOWETV","Approved","2019-02-01T22:03:09Z","2019-02-01T22:35:29Z","politifact13711_3","3"
"3YLTXLH3DFTQ0CFM8JI3L29DWGSHPD","A1PUHCEBSOWETV","Approved","2019-02-01T22:03:09Z","2019-02-01T22:35:29Z","politifact13711_4","4"
"3YLTXLH3DFTQ0CFM8JI3L29DWGSHPD","A1PUHCEBSOWETV","Approved","2019-02-01T22:03:09Z","2019-02-01T22:35:29Z","politifact13711_5","2"
"3YLTXLH3DFTQ0CFM8JI3L29DWGSHPD","A2PYZDFLMB8RN6","Approved","2019-02-01T22:15:57Z","2019-02-01T22:35:29Z","politifact13711_our_1","4"
"3YLTXLH3DFTQ0CFM8JI3L29DWGSHPD","A2PYZDFLMB8RN6","Approved","2019-02-01T22:15:57Z","2019-02-01T22:35:29Z","politifact13711_2","3"
"3YLTXLH3DFTQ0CFM8JI3L29DWGSHPD","A2PYZDFLMB8RN6","Approved","2019-02-01T22:15:57Z","2019-02-01T22:35:29Z","politifact13711_3","1"
"3YLTXLH3DFTQ0CFM8JI3L29DWGSHPD","A2PYZDFLMB8RN6","Approved","2019-02-01T22:15:57Z","2019-02-01T22:35:29Z","politifact13711_4","2"
"3YLTXLH3DFTQ0CFM8JI3L29DWGSHPD","A2PYZDFLMB8RN6","Approved","2019-02-01T22:15:57Z","2019-02-01T22:35:29Z","politifact13711_5","1"
"3YLTXLH3DFTQ0CFM8JI3L29DWGSHPD","A2RMJNF6IPI42F","Approved","2019-02-01T22:19:06Z","2019-02-01T22:35:29Z","politifact13711_our_1","0"
"3YLTXLH3DFTQ0CFM8JI3L29DWGSHPD","A2RMJNF6IPI42F","Approved","2019-02-01T22:19:06Z","2019-02-01T22:35:29Z","politifact13711_2","0"
"3YLTXLH3DFTQ0CFM8JI3L29DWGSHPD","A2RMJNF6IPI42F","Approved","2019-02-01T22:19:06Z","2019-02-01T22:35:29Z","politifact13711_3","3"
"3YLTXLH3DFTQ0CFM8JI3L29DWGSHPD","A2RMJNF6IPI42F","Approved","2019-02-01T22:19:06Z","2019-02-01T22:35:29Z","politifact13711_4","0"
"3YLTXLH3DFTQ0CFM8JI3L29DWGSHPD","A2RMJNF6IPI42F","Approved","2019-02-01T22:19:06Z","2019-02-01T22:35:29Z","politifact13711_5","3"
"3R16PJFTS3EVD9UBGKTCVWEAX10K4T","A1PUHCEBSOWETV","Approved","2019-02-01T22:03:50Z","2019-02-01T22:35:29Z","politifact15191_our_1","3"
"3R16PJFTS3EVD9UBGKTCVWEAX10K4T","A1PUHCEBSOWETV","Approved","2019-02-01T22:03:50Z","2019-02-01T22:35:29Z","politifact15191_2","4"
"3R16PJFTS3EVD9UBGKTCVWEAX10K4T","A1PUHCEBSOWETV","Approved","2019-02-01T22:03:50Z","2019-02-01T22:35:29Z","politifact15191_3","2"
"3R16PJFTS3EVD9UBGKTCVWEAX10K4T","A1PUHCEBSOWETV","Approved","2019-02-01T22:03:50Z","2019-02-01T22:35:29Z","politifact15191_4","3"
"3R16PJFTS3EVD9UBGKTCVWEAX10K4T","A1PUHCEBSOWETV","Approved","2019-02-01T22:03:50Z","2019-02-01T22:35:29Z","politifact15191_5","3"
"3R16PJFTS3EVD9UBGKTCVWEAX10K4T","A3MWDLI8RGCFAT","Approved","2019-02-01T22:15:51Z","2019-02-01T22:35:30Z","politifact15191_our_1","3"
"3R16PJFTS3EVD9UBGKTCVWEAX10K4T","A3MWDLI8RGCFAT","Approved","2019-02-01T22:15:51Z","2019-02-01T22:35:30Z","politifact15191_2","0"
"3R16PJFTS3EVD9UBGKTCVWEAX10K4T","A3MWDLI8RGCFAT","Approved","2019-02-01T22:15:51Z","2019-02-01T22:35:30Z","politifact15191_3","0"
"3R16PJFTS3EVD9UBGKTCVWEAX10K4T","A3MWDLI8RGCFAT","Approved","2019-02-01T22:15:51Z","2019-02-01T22:35:30Z","politifact15191_4","2"
"3R16PJFTS3EVD9UBGKTCVWEAX10K4T","A3MWDLI8RGCFAT","Approved","2019-02-01T22:15:51Z","2019-02-01T22:35:30Z","politifact15191_5","2"
"3R16PJFTS3EVD9UBGKTCVWEAX10K4T","A2RMJNF6IPI42F","Approved","2019-02-01T22:20:30Z","2019-02-01T22:35:30Z","politifact15191_our_1","0"
"3R16PJFTS3EVD9UBGKTCVWEAX10K4T","A2RMJNF6IPI42F","Approved","2019-02-01T22:20:30Z","2019-02-01T22:35:30Z","politifact15191_2","1"
"3R16PJFTS3EVD9UBGKTCVWEAX10K4T","A2RMJNF6IPI42F","Approved","2019-02-01T22:20:30Z","2019-02-01T22:35:30Z","politifact15191_3","0"
"3R16PJFTS3EVD9UBGKTCVWEAX10K4T","A2RMJNF6IPI42F","Approved","2019-02-01T22:20:30Z","2019-02-01T22:35:30Z","politifact15191_4","0"
"3R16PJFTS3EVD9UBGKTCVWEAX10K4T","A2RMJNF6IPI42F","Approved","2019-02-01T22:20:30Z","2019-02-01T22:35:30Z","politifact15191_5","0"
"3GKAWYFRAPG9OWAKMNZDUHUF4OZPDC","A1PUHCEBSOWETV","Approved","2019-02-01T22:02:54Z","2019-02-01T22:35:30Z","politifact14756_our_1","3"
"3GKAWYFRAPG9OWAKMNZDUHUF4OZPDC","A1PUHCEBSOWETV","Approved","2019-02-01T22:02:54Z","2019-02-01T22:35:30Z","politifact14756_2","2"
"3GKAWYFRAPG9OWAKMNZDUHUF4OZPDC","A1PUHCEBSOWETV","Approved","2019-02-01T22:02:54Z","2019-02-01T22:35:30Z","politifact14756_3","2"
"3GKAWYFRAPG9OWAKMNZDUHUF4OZPDC","A1PUHCEBSOWETV","Approved","2019-02-01T22:02:54Z","2019-02-01T22:35:30Z","politifact14756_4","1"
"3GKAWYFRAPG9OWAKMNZDUHUF4OZPDC","A1PUHCEBSOWETV","Approved","2019-02-01T22:02:54Z","2019-02-01T22:35:30Z","politifact14756_5","1"
"3GKAWYFRAPG9OWAKMNZDUHUF4OZPDC","A2WIO1V541XFKL","Approved","2019-02-01T22:06:02Z","2019-02-01T22:35:30Z","politifact14756_our_1","2"
"3GKAWYFRAPG9OWAKMNZDUHUF4OZPDC","A2WIO1V541XFKL","Approved","2019-02-01T22:06:02Z","2019-02-01T22:35:30Z","politifact14756_2","0"
"3GKAWYFRAPG9OWAKMNZDUHUF4OZPDC","A2WIO1V541XFKL","Approved","2019-02-01T22:06:02Z","2019-02-01T22:35:30Z","politifact14756_3","0"
"3GKAWYFRAPG9OWAKMNZDUHUF4OZPDC","A2WIO1V541XFKL","Approved","2019-02-01T22:06:02Z","2019-02-01T22:35:30Z","politifact14756_4","2"
"3GKAWYFRAPG9OWAKMNZDUHUF4OZPDC","A2WIO1V541XFKL","Approved","2019-02-01T22:06:02Z","2019-02-01T22:35:30Z","politifact14756_5","1"
"3GKAWYFRAPG9OWAKMNZDUHUF4OZPDC","A2PYZDFLMB8RN6","Approved","2019-02-01T22:09:15Z","2019-02-01T22:35:30Z","politifact14756_our_1","2"
"3GKAWYFRAPG9OWAKMNZDUHUF4OZPDC","A2PYZDFLMB8RN6","Approved","2019-02-01T22:09:15Z","2019-02-01T22:35:30Z","politifact14756_2","3"
"3GKAWYFRAPG9OWAKMNZDUHUF4OZPDC","A2PYZDFLMB8RN6","Approved","2019-02-01T22:09:15Z","2019-02-01T22:35:30Z","politifact14756_3","2"
"3GKAWYFRAPG9OWAKMNZDUHUF4OZPDC","A2PYZDFLMB8RN6","Approved","2019-02-01T22:09:15Z","2019-02-01T22:35:30Z","politifact14756_4","2"
"3GKAWYFRAPG9OWAKMNZDUHUF4OZPDC","A2PYZDFLMB8RN6","Approved","2019-02-01T22:09:15Z","2019-02-01T22:35:30Z","politifact14756_5","3"
"3JTPR5MTZSZD9SYBUPCM0OKOXXVK5Y","A1PUHCEBSOWETV","Approved","2019-02-01T22:02:58Z","2019-02-01T22:35:30Z","politifact15570_our_1","0"
"3JTPR5MTZSZD9SYBUPCM0OKOXXVK5Y","A1PUHCEBSOWETV","Approved","2019-02-01T22:02:58Z","2019-02-01T22:35:30Z","politifact15570_2","1"
"3JTPR5MTZSZD9SYBUPCM0OKOXXVK5Y","A1PUHCEBSOWETV","Approved","2019-02-01T22:02:58Z","2019-02-01T22:35:30Z","politifact15570_3","0"
"3JTPR5MTZSZD9SYBUPCM0OKOXXVK5Y","A1PUHCEBSOWETV","Approved","2019-02-01T22:02:58Z","2019-02-01T22:35:30Z","politifact15570_4","1"
"3JTPR5MTZSZD9SYBUPCM0OKOXXVK5Y","A1PUHCEBSOWETV","Approved","2019-02-01T22:02:58Z","2019-02-01T22:35:30Z","politifact15570_5","0"
"3JTPR5MTZSZD9SYBUPCM0OKOXXVK5Y","A2PYZDFLMB8RN6","Approved","2019-02-01T22:13:09Z","2019-02-01T22:35:30Z","politifact15570_our_1","2"
"3JTPR5MTZSZD9SYBUPCM0OKOXXVK5Y","A2PYZDFLMB8RN6","Approved","2019-02-01T22:13:09Z","2019-02-01T22:35:30Z","politifact15570_2","2"
"3JTPR5MTZSZD9SYBUPCM0OKOXXVK5Y","A2PYZDFLMB8RN6","Approved","2019-02-01T22:13:09Z","2019-02-01T22:35:30Z","politifact15570_3","2"
"3JTPR5MTZSZD9SYBUPCM0OKOXXVK5Y","A2PYZDFLMB8RN6","Approved","2019-02-01T22:13:09Z","2019-02-01T22:35:30Z","politifact15570_4","2"
"3JTPR5MTZSZD9SYBUPCM0OKOXXVK5Y","A2PYZDFLMB8RN6","Approved","2019-02-01T22:13:09Z","2019-02-01T22:35:30Z","politifact15570_5","3"
"3JTPR5MTZSZD9SYBUPCM0OKOXXVK5Y","A2RMJNF6IPI42F","Approved","2019-02-01T22:16:49Z","2019-02-01T22:35:31Z","politifact15570_our_1","4"
"3JTPR5MTZSZD9SYBUPCM0OKOXXVK5Y","A2RMJNF6IPI42F","Approved","2019-02-01T22:16:49Z","2019-02-01T22:35:31Z","politifact15570_2","0"
"3JTPR5MTZSZD9SYBUPCM0OKOXXVK5Y","A2RMJNF6IPI42F","Approved","2019-02-01T22:16:49Z","2019-02-01T22:35:31Z","politifact15570_3","0"
"3JTPR5MTZSZD9SYBUPCM0OKOXXVK5Y","A2RMJNF6IPI42F","Approved","2019-02-01T22:16:49Z","2019-02-01T22:35:31Z","politifact15570_4","0"
"3JTPR5MTZSZD9SYBUPCM0OKOXXVK5Y","A2RMJNF6IPI42F","Approved","2019-02-01T22:16:49Z","2019-02-01T22:35:31Z","politifact15570_5","0"
"34ZTTGSNJXBB0OG18WXSL7ZN1CEHQ4","A1PUHCEBSOWETV","Approved","2019-02-01T22:05:13Z","2019-02-01T22:35:31Z","politifact14733_our_1","3"
"34ZTTGSNJXBB0OG18WXSL7ZN1CEHQ4","A1PUHCEBSOWETV","Approved","2019-02-01T22:05:13Z","2019-02-01T22:35:31Z","politifact14733_2","4"
"34ZTTGSNJXBB0OG18WXSL7ZN1CEHQ4","A1PUHCEBSOWETV","Approved","2019-02-01T22:05:13Z","2019-02-01T22:35:31Z","politifact14733_3","2"
"34ZTTGSNJXBB0OG18WXSL7ZN1CEHQ4","A1PUHCEBSOWETV","Approved","2019-02-01T22:05:13Z","2019-02-01T22:35:31Z","politifact14733_4","2"
"34ZTTGSNJXBB0OG18WXSL7ZN1CEHQ4","A1PUHCEBSOWETV","Approved","2019-02-01T22:05:13Z","2019-02-01T22:35:31Z","politifact14733_5","2"
"34ZTTGSNJXBB0OG18WXSL7ZN1CEHQ4","A2PYZDFLMB8RN6","Approved","2019-02-01T22:17:00Z","2019-02-01T22:35:31Z","politifact14733_our_1","1"
"34ZTTGSNJXBB0OG18WXSL7ZN1CEHQ4","A2PYZDFLMB8RN6","Approved","2019-02-01T22:17:00Z","2019-02-01T22:35:31Z","politifact14733_2","2"
"34ZTTGSNJXBB0OG18WXSL7ZN1CEHQ4","A2PYZDFLMB8RN6","Approved","2019-02-01T22:17:00Z","2019-02-01T22:35:31Z","politifact14733_3","3"
"34ZTTGSNJXBB0OG18WXSL7ZN1CEHQ4","A2PYZDFLMB8RN6","Approved","2019-02-01T22:17:00Z","2019-02-01T22:35:31Z","politifact14733_4","1"
"34ZTTGSNJXBB0OG18WXSL7ZN1CEHQ4","A2PYZDFLMB8RN6","Approved","2019-02-01T22:17:00Z","2019-02-01T22:35:31Z","politifact14733_5","2"
"34ZTTGSNJXBB0OG18WXSL7ZN1CEHQ4","A2RMJNF6IPI42F","Approved","2019-02-01T22:25:04Z","2019-02-01T22:35:31Z","politifact14733_our_1","0"
"34ZTTGSNJXBB0OG18WXSL7ZN1CEHQ4","A2RMJNF6IPI42F","Approved","2019-02-01T22:25:04Z","2019-02-01T22:35:31Z","politifact14733_2","0"
"34ZTTGSNJXBB0OG18WXSL7ZN1CEHQ4","A2RMJNF6IPI42F","Approved","2019-02-01T22:25:04Z","2019-02-01T22:35:31Z","politifact14733_3","0"
"34ZTTGSNJXBB0OG18WXSL7ZN1CEHQ4","A2RMJNF6IPI42F","Approved","2019-02-01T22:25:04Z","2019-02-01T22:35:31Z","politifact14733_4","0"
"34ZTTGSNJXBB0OG18WXSL7ZN1CEHQ4","A2RMJNF6IPI42F","Approved","2019-02-01T22:25:04Z","2019-02-01T22:35:31Z","politifact14733_5","2"
"3IKDQS3DQEN72IH29WEI1EBLXASCIN","A1PUHCEBSOWETV","Approved","2019-02-01T22:06:13Z","2019-02-01T22:35:31Z","politifact15573_our_1","4"
"3IKDQS3DQEN72IH29WEI1EBLXASCIN","A1PUHCEBSOWETV","Approved","2019-02-01T22:06:13Z","2019-02-01T22:35:31Z","politifact15573_2","2"
"3IKDQS3DQEN72IH29WEI1EBLXASCIN","A1PUHCEBSOWETV","Approved","2019-02-01T22:06:13Z","2019-02-01T22:35:31Z","politifact15573_3","3"
"3IKDQS3DQEN72IH29WEI1EBLXASCIN","A1PUHCEBSOWETV","Approved","2019-02-01T22:06:13Z","2019-02-01T22:35:31Z","politifact15573_4","2"
"3IKDQS3DQEN72IH29WEI1EBLXASCIN","A1PUHCEBSOWETV","Approved","2019-02-01T22:06:13Z","2019-02-01T22:35:31Z","politifact15573_5","4"
"3IKDQS3DQEN72IH29WEI1EBLXASCIN","A1YSYI926BBOHW","Approved","2019-02-01T22:15:22Z","2019-02-01T22:35:31Z","politifact15573_our_1","0"
"3IKDQS3DQEN72IH29WEI1EBLXASCIN","A1YSYI926BBOHW","Approved","2019-02-01T22:15:22Z","2019-02-01T22:35:31Z","politifact15573_2","0"
"3IKDQS3DQEN72IH29WEI1EBLXASCIN","A1YSYI926BBOHW","Approved","2019-02-01T22:15:22Z","2019-02-01T22:35:31Z","politifact15573_3","1"
"3IKDQS3DQEN72IH29WEI1EBLXASCIN","A1YSYI926BBOHW","Approved","2019-02-01T22:15:22Z","2019-02-01T22:35:31Z","politifact15573_4","2"
"3IKDQS3DQEN72IH29WEI1EBLXASCIN","A1YSYI926BBOHW","Approved","2019-02-01T22:15:22Z","2019-02-01T22:35:31Z","politifact15573_5","0"
"3IKDQS3DQEN72IH29WEI1EBLXASCIN","A2PYZDFLMB8RN6","Approved","2019-02-01T22:16:11Z","2019-02-01T22:35:31Z","politifact15573_our_1","3"
"3IKDQS3DQEN72IH29WEI1EBLXASCIN","A2PYZDFLMB8RN6","Approved","2019-02-01T22:16:11Z","2019-02-01T22:35:31Z","politifact15573_2","2"
"3IKDQS3DQEN72IH29WEI1EBLXASCIN","A2PYZDFLMB8RN6","Approved","2019-02-01T22:16:11Z","2019-02-01T22:35:31Z","politifact15573_3","2"
"3IKDQS3DQEN72IH29WEI1EBLXASCIN","A2PYZDFLMB8RN6","Approved","2019-02-01T22:16:11Z","2019-02-01T22:35:31Z","politifact15573_4","2"
"3IKDQS3DQEN72IH29WEI1EBLXASCIN","A2PYZDFLMB8RN6","Approved","2019-02-01T22:16:11Z","2019-02-01T22:35:31Z","politifact15573_5","2"
"3MQKOF1EE2BZ857LY9D8MB2BXL2WDE","A1PUHCEBSOWETV","Approved","2019-02-01T22:04:01Z","2019-02-01T22:35:32Z","politifact15201_our_1","4"
"3MQKOF1EE2BZ857LY9D8MB2BXL2WDE","A1PUHCEBSOWETV","Approved","2019-02-01T22:04:01Z","2019-02-01T22:35:32Z","politifact15201_2","2"
"3MQKOF1EE2BZ857LY9D8MB2BXL2WDE","A1PUHCEBSOWETV","Approved","2019-02-01T22:04:01Z","2019-02-01T22:35:32Z","politifact15201_3","3"
"3MQKOF1EE2BZ857LY9D8MB2BXL2WDE","A1PUHCEBSOWETV","Approved","2019-02-01T22:04:01Z","2019-02-01T22:35:32Z","politifact15201_4","2"
"3MQKOF1EE2BZ857LY9D8MB2BXL2WDE","A1PUHCEBSOWETV","Approved","2019-02-01T22:04:01Z","2019-02-01T22:35:32Z","politifact15201_5","4"
"3MQKOF1EE2BZ857LY9D8MB2BXL2WDE","A2PYZDFLMB8RN6","Approved","2019-02-01T22:11:29Z","2019-02-01T22:35:32Z","politifact15201_our_1","3"
"3MQKOF1EE2BZ857LY9D8MB2BXL2WDE","A2PYZDFLMB8RN6","Approved","2019-02-01T22:11:29Z","2019-02-01T22:35:32Z","politifact15201_2","2"
"3MQKOF1EE2BZ857LY9D8MB2BXL2WDE","A2PYZDFLMB8RN6","Approved","2019-02-01T22:11:29Z","2019-02-01T22:35:32Z","politifact15201_3","3"
"3MQKOF1EE2BZ857LY9D8MB2BXL2WDE","A2PYZDFLMB8RN6","Approved","2019-02-01T22:11:29Z","2019-02-01T22:35:32Z","politifact15201_4","2"
"3MQKOF1EE2BZ857LY9D8MB2BXL2WDE","A2PYZDFLMB8RN6","Approved","2019-02-01T22:11:29Z","2019-02-01T22:35:32Z","politifact15201_5","2"
"3MQKOF1EE2BZ857LY9D8MB2BXL2WDE","A1YSYI926BBOHW","Approved","2019-02-01T22:17:05Z","2019-02-01T22:35:32Z","politifact15201_our_1","0"
"3MQKOF1EE2BZ857LY9D8MB2BXL2WDE","A1YSYI926BBOHW","Approved","2019-02-01T22:17:05Z","2019-02-01T22:35:32Z","politifact15201_2","0"
"3MQKOF1EE2BZ857LY9D8MB2BXL2WDE","A1YSYI926BBOHW","Approved","2019-02-01T22:17:05Z","2019-02-01T22:35:32Z","politifact15201_3","0"
"3MQKOF1EE2BZ857LY9D8MB2BXL2WDE","A1YSYI926BBOHW","Approved","2019-02-01T22:17:05Z","2019-02-01T22:35:32Z","politifact15201_4","0"
"3MQKOF1EE2BZ857LY9D8MB2BXL2WDE","A1YSYI926BBOHW","Approved","2019-02-01T22:17:05Z","2019-02-01T22:35:32Z","politifact15201_5","0"
"3CRWSLD91KRU7Q4WKGL1O7CJ3XVMOA","A1PUHCEBSOWETV","Approved","2019-02-01T22:02:28Z","2019-02-01T22:35:32Z","politifact15205_our_1","2"
"3CRWSLD91KRU7Q4WKGL1O7CJ3XVMOA","A1PUHCEBSOWETV","Approved","2019-02-01T22:02:28Z","2019-02-01T22:35:32Z","politifact15205_2","1"
"3CRWSLD91KRU7Q4WKGL1O7CJ3XVMOA","A1PUHCEBSOWETV","Approved","2019-02-01T22:02:28Z","2019-02-01T22:35:32Z","politifact15205_3","0"
"3CRWSLD91KRU7Q4WKGL1O7CJ3XVMOA","A1PUHCEBSOWETV","Approved","2019-02-01T22:02:28Z","2019-02-01T22:35:32Z","politifact15205_4","2"
"3CRWSLD91KRU7Q4WKGL1O7CJ3XVMOA","A1PUHCEBSOWETV","Approved","2019-02-01T22:02:28Z","2019-02-01T22:35:32Z","politifact15205_5","1"
"3CRWSLD91KRU7Q4WKGL1O7CJ3XVMOA","A3542PB4Z0NE80","Approved","2019-02-01T22:16:03Z","2019-02-01T22:35:32Z","politifact15205_our_1","0"
"3CRWSLD91KRU7Q4WKGL1O7CJ3XVMOA","A3542PB4Z0NE80","Approved","2019-02-01T22:16:03Z","2019-02-01T22:35:32Z","politifact15205_2","1"
"3CRWSLD91KRU7Q4WKGL1O7CJ3XVMOA","A3542PB4Z0NE80","Approved","2019-02-01T22:16:03Z","2019-02-01T22:35:32Z","politifact15205_3","1"
"3CRWSLD91KRU7Q4WKGL1O7CJ3XVMOA","A3542PB4Z0NE80","Approved","2019-02-01T22:16:03Z","2019-02-01T22:35:32Z","politifact15205_4","2"
"3CRWSLD91KRU7Q4WKGL1O7CJ3XVMOA","A3542PB4Z0NE80","Approved","2019-02-01T22:16:03Z","2019-02-01T22:35:32Z","politifact15205_5","0"
"3CRWSLD91KRU7Q4WKGL1O7CJ3XVMOA","A1YSYI926BBOHW","Approved","2019-02-01T22:24:16Z","2019-02-01T22:35:32Z","politifact15205_our_1","0"
"3CRWSLD91KRU7Q4WKGL1O7CJ3XVMOA","A1YSYI926BBOHW","Approved","2019-02-01T22:24:16Z","2019-02-01T22:35:32Z","politifact15205_2","0"
"3CRWSLD91KRU7Q4WKGL1O7CJ3XVMOA","A1YSYI926BBOHW","Approved","2019-02-01T22:24:16Z","2019-02-01T22:35:32Z","politifact15205_3","0"
"3CRWSLD91KRU7Q4WKGL1O7CJ3XVMOA","A1YSYI926BBOHW","Approved","2019-02-01T22:24:16Z","2019-02-01T22:35:32Z","politifact15205_4","0"
"3CRWSLD91KRU7Q4WKGL1O7CJ3XVMOA","A1YSYI926BBOHW","Approved","2019-02-01T22:24:16Z","2019-02-01T22:35:32Z","politifact15205_5","0"
"3LCXHSGDLTTBTU4CAZERV4HBRK7ESA","A1PUHCEBSOWETV","Approved","2019-02-01T22:06:04Z","2019-02-01T22:35:32Z","politifact14040_our_1","3"
"3LCXHSGDLTTBTU4CAZERV4HBRK7ESA","A1PUHCEBSOWETV","Approved","2019-02-01T22:06:04Z","2019-02-01T22:35:32Z","politifact14040_2","2"
"3LCXHSGDLTTBTU4CAZERV4HBRK7ESA","A1PUHCEBSOWETV","Approved","2019-02-01T22:06:04Z","2019-02-01T22:35:32Z","politifact14040_3","4"
"3LCXHSGDLTTBTU4CAZERV4HBRK7ESA","A1PUHCEBSOWETV","Approved","2019-02-01T22:06:04Z","2019-02-01T22:35:32Z","politifact14040_4","3"
"3LCXHSGDLTTBTU4CAZERV4HBRK7ESA","A1PUHCEBSOWETV","Approved","2019-02-01T22:06:04Z","2019-02-01T22:35:32Z","politifact14040_5","4"
"3LCXHSGDLTTBTU4CAZERV4HBRK7ESA","A2PYZDFLMB8RN6","Approved","2019-02-01T22:11:07Z","2019-02-01T22:35:33Z","politifact14040_our_1","3"
"3LCXHSGDLTTBTU4CAZERV4HBRK7ESA","A2PYZDFLMB8RN6","Approved","2019-02-01T22:11:07Z","2019-02-01T22:35:33Z","politifact14040_2","2"
"3LCXHSGDLTTBTU4CAZERV4HBRK7ESA","A2PYZDFLMB8RN6","Approved","2019-02-01T22:11:07Z","2019-02-01T22:35:33Z","politifact14040_3","2"
"3LCXHSGDLTTBTU4CAZERV4HBRK7ESA","A2PYZDFLMB8RN6","Approved","2019-02-01T22:11:07Z","2019-02-01T22:35:33Z","politifact14040_4","3"
"3LCXHSGDLTTBTU4CAZERV4HBRK7ESA","A2PYZDFLMB8RN6","Approved","2019-02-01T22:11:07Z","2019-02-01T22:35:33Z","politifact14040_5","2"
"3LCXHSGDLTTBTU4CAZERV4HBRK7ESA","A1YSYI926BBOHW","Approved","2019-02-01T22:15:57Z","2019-02-01T22:35:33Z","politifact14040_our_1","0"
"3LCXHSGDLTTBTU4CAZERV4HBRK7ESA","A1YSYI926BBOHW","Approved","2019-02-01T22:15:57Z","2019-02-01T22:35:33Z","politifact14040_2","0"
"3LCXHSGDLTTBTU4CAZERV4HBRK7ESA","A1YSYI926BBOHW","Approved","2019-02-01T22:15:57Z","2019-02-01T22:35:33Z","politifact14040_3","0"
"3LCXHSGDLTTBTU4CAZERV4HBRK7ESA","A1YSYI926BBOHW","Approved","2019-02-01T22:15:57Z","2019-02-01T22:35:33Z","politifact14040_4","0"
"3LCXHSGDLTTBTU4CAZERV4HBRK7ESA","A1YSYI926BBOHW","Approved","2019-02-01T22:15:57Z","2019-02-01T22:35:33Z","politifact14040_5","0"
