"HIT ID","Worker ID","Status","Response Time","Approval Time","Question ID","Answer"
"3TTPFEFXCT7IQ6XHTNJUF2IW05L6H2","A2P065E9CYMYJL","Approved","2019-01-23T00:56:55Z","2019-01-23T03:38:18Z","politifact13887","list1"
"3TTPFEFXCT7IQ6XHTNJUF2IW05L6H2","A2P065E9CYMYJL","Approved","2019-01-23T00:56:55Z","2019-01-23T03:38:18Z","politifact15135","list1"
"3TTPFEFXCT7IQ6XHTNJUF2IW05L6H2","A2P065E9CYMYJL","Approved","2019-01-23T00:56:55Z","2019-01-23T03:38:18Z","politifact15505","list2"
"3TTPFEFXCT7IQ6XHTNJUF2IW05L6H2","A2P065E9CYMYJL","Approved","2019-01-23T00:56:55Z","2019-01-23T03:38:18Z","politifact15037","list1"
"3TTPFEFXCT7IQ6XHTNJUF2IW05L6H2","A2P065E9CYMYJL","Approved","2019-01-23T00:56:55Z","2019-01-23T03:38:18Z","politifact14644","list1"
"3TTPFEFXCT7IQ6XHTNJUF2IW05L6H2","A3O5EU9QQV2OS1","Approved","2019-01-23T13:39:56Z","2019-01-23T21:22:23Z","politifact13887","list1"
"3TTPFEFXCT7IQ6XHTNJUF2IW05L6H2","A3O5EU9QQV2OS1","Approved","2019-01-23T13:39:56Z","2019-01-23T21:22:23Z","politifact15135","list1"
"3TTPFEFXCT7IQ6XHTNJUF2IW05L6H2","A3O5EU9QQV2OS1","Approved","2019-01-23T13:39:56Z","2019-01-23T21:22:23Z","politifact15505","list1"
"3TTPFEFXCT7IQ6XHTNJUF2IW05L6H2","A3O5EU9QQV2OS1","Approved","2019-01-23T13:39:56Z","2019-01-23T21:22:23Z","politifact15037","list1"
"3TTPFEFXCT7IQ6XHTNJUF2IW05L6H2","A3O5EU9QQV2OS1","Approved","2019-01-23T13:39:56Z","2019-01-23T21:22:23Z","politifact14644","list1"
"3TTPFEFXCT7IQ6XHTNJUF2IW05L6H2","A36SM7QM8OK3H6","Approved","2019-01-25T12:27:31Z","2019-01-27T03:08:27Z","politifact13887","list2"
"3TTPFEFXCT7IQ6XHTNJUF2IW05L6H2","A36SM7QM8OK3H6","Approved","2019-01-25T12:27:31Z","2019-01-27T03:08:27Z","politifact15135","list2"
"3TTPFEFXCT7IQ6XHTNJUF2IW05L6H2","A36SM7QM8OK3H6","Approved","2019-01-25T12:27:31Z","2019-01-27T03:08:27Z","politifact15505","list1"
"3TTPFEFXCT7IQ6XHTNJUF2IW05L6H2","A36SM7QM8OK3H6","Approved","2019-01-25T12:27:31Z","2019-01-27T03:08:27Z","politifact15037","list2"
"3TTPFEFXCT7IQ6XHTNJUF2IW05L6H2","A36SM7QM8OK3H6","Approved","2019-01-25T12:27:31Z","2019-01-27T03:08:27Z","politifact14644","list1"
"3XU80RHWHZ3AZ758VS6WOFPEZ9T44T","AOAZMLP27GD81","Approved","2019-01-23T00:21:10Z","2019-01-23T03:38:18Z","politifact15304","list1"
"3XU80RHWHZ3AZ758VS6WOFPEZ9T44T","AOAZMLP27GD81","Approved","2019-01-23T00:21:10Z","2019-01-23T03:38:18Z","politifact15512","list1"
"3XU80RHWHZ3AZ758VS6WOFPEZ9T44T","AOAZMLP27GD81","Approved","2019-01-23T00:21:10Z","2019-01-23T03:38:18Z","politifact15270","list1"
"3XU80RHWHZ3AZ758VS6WOFPEZ9T44T","AOAZMLP27GD81","Approved","2019-01-23T00:21:10Z","2019-01-23T03:38:18Z","politifact15147","list1"
"3XU80RHWHZ3AZ758VS6WOFPEZ9T44T","AOAZMLP27GD81","Approved","2019-01-23T00:21:10Z","2019-01-23T03:38:18Z","politifact15141","list1"
"3XU80RHWHZ3AZ758VS6WOFPEZ9T44T","A2541C8MY0BYV3","Approved","2019-01-23T01:26:30Z","2019-01-23T03:38:19Z","politifact15304","list2"
"3XU80RHWHZ3AZ758VS6WOFPEZ9T44T","A2541C8MY0BYV3","Approved","2019-01-23T01:26:30Z","2019-01-23T03:38:19Z","politifact15512","list1"
"3XU80RHWHZ3AZ758VS6WOFPEZ9T44T","A2541C8MY0BYV3","Approved","2019-01-23T01:26:30Z","2019-01-23T03:38:19Z","politifact15270","list1"
"3XU80RHWHZ3AZ758VS6WOFPEZ9T44T","A2541C8MY0BYV3","Approved","2019-01-23T01:26:30Z","2019-01-23T03:38:19Z","politifact15147","list2"
"3XU80RHWHZ3AZ758VS6WOFPEZ9T44T","A2541C8MY0BYV3","Approved","2019-01-23T01:26:30Z","2019-01-23T03:38:19Z","politifact15141","list2"
"3XU80RHWHZ3AZ758VS6WOFPEZ9T44T","A3CQDCNYJAX2X3","Approved","2019-01-25T15:33:02Z","2019-01-27T03:08:28Z","politifact15304","list2"
"3XU80RHWHZ3AZ758VS6WOFPEZ9T44T","A3CQDCNYJAX2X3","Approved","2019-01-25T15:33:02Z","2019-01-27T03:08:28Z","politifact15512","list2"
"3XU80RHWHZ3AZ758VS6WOFPEZ9T44T","A3CQDCNYJAX2X3","Approved","2019-01-25T15:33:02Z","2019-01-27T03:08:28Z","politifact15270","list2"
"3XU80RHWHZ3AZ758VS6WOFPEZ9T44T","A3CQDCNYJAX2X3","Approved","2019-01-25T15:33:02Z","2019-01-27T03:08:28Z","politifact15147","list1"
"3XU80RHWHZ3AZ758VS6WOFPEZ9T44T","A3CQDCNYJAX2X3","Approved","2019-01-25T15:33:02Z","2019-01-27T03:08:28Z","politifact15141","list2"
